"","x"
"1","med_id"
"2","visit_id"
"3","age.x"
"4","interview_date.x"
"5","intdatenew"
"6","visitcount"
"7","agenew"
"8","minage"
"9","X.x"
"10","ethnicity.x"
"11","age.y"
"12","id_gender.x"
"13","id_education.x"
"14","interview_date.y"
"15","interview_language.x"
"16","interview_site.x"
"17","interview_site_other.x"
"18","interview_complete.x"
"19","ici_time_at_place_years.x"
"20","ici_address_validated.x"
"21","ici_time_at_place_months.x"
"22","ici_time_at_place.x"
"23","id_marital_status.x"
"24","adi_nat_rank"
"25","adi_state_rank"
"26","id_race_white.x"
"27","id_race_black.x"
"28","id_race_indian_alaska.x"
"29","id_race_asian.x"
"30","id_race_japanese.x"
"31","id_race_korean.x"
"32","id_race_vietnamese.x"
"33","id_race_native_hawaiian.x"
"34","id_race_guam_chamorro.x"
"35","id_race_samoan.x"
"36","id_race_other_pacific.x"
"37","id_race_other.x"
"38","id_race_specify.x"
"39","id_race_specify_amer_ind_tribe.x"
"40","id_race_specify_asian_race.x"
"41","id_race_specify_other_pacific_race.x"
"42","id_hispanic.x"
"43","id_hispanic_other.x"
"44","om_time1.x"
"45","om_pulse1.x"
"46","om_bp1_sys.x"
"47","om_bp1_dia.x"
"48","id_language_other"
"49","id_language_primary.x"
"50","id_language_primary_r.x"
"51","id_language_primary_w.x"
"52","id_language_secondary_speak.x"
"53","id_language_secondary.x"
"54","id_language_secondary_other.x"
"55","id_language_secondary_r.x"
"56","id_language_secondary_w.x"
"57","sash_1.x"
"58","sash_2.x"
"59","sash_3.x"
"60","sash_4.x"
"61","sash_5.x"
"62","sash_total.x"
"63","id_residence.x"
"64","id_u_slive.x"
"65","id_education_high_school.x"
"66","id_education_degree.x"
"67","id_income.x"
"68","id_retire.x"
"69","id_retire_years.x"
"70","id_job_retire.x"
"71","id_job.x"
"72","health_status.x"
"73","hc_insurance_private.x"
"74","hc_insurance_medicaid.x"
"75","hc_insurance_medicare.x"
"76","hc_insurance_other.x"
"77","hc_insurance_no_insurance.x"
"78","hc_insurance_other_spec.x"
"79","hc_pcp.x"
"80","hc_12month.x"
"81","hc_last_exam.x"
"82","da_aware.x"
"83","dsq_onset.x"
"84","dsq_meds.x"
"85","dsq_treatment_oral_medication.x"
"86","dsq_treatment_insulin.x"
"87","dsq_treatment_diet.x"
"88","dsq_treatment_other.x"
"89","dsq_treatment_other_specify.x"
"90","acd_eating_habits.x"
"91","acd_exercising.x"
"92","acd_dr_eat.x"
"93","acd_dr_exercise.x"
"94","acd_dr_meds.x"
"95","acd_dr_weight.x"
"96","cdp_myocardial.x"
"97","cdp_heart_disease.x"
"98","cdp_stroke.x"
"99","cdp_mini_stroke.x"
"100","in_seizure.x"
"101","in_seizures_count.x"
"102","in_seizures_most_recent.x"
"103","in_seizures_first.x"
"104","in_seizure_alcohol.x"
"105","in_seizure_withdrawal.x"
"106","dementia.x"
"107","dementia_type.x"
"108","dementia_55.x"
"109","dementia_55a.x"
"110","pswq_1.x"
"111","pswq_2.x"
"112","pswq_3.x"
"113","pswq_4.x"
"114","pswq_5.x"
"115","pswq_6.x"
"116","pswq_7.x"
"117","pswq_8.x"
"118","pswq_9.x"
"119","pswq_10.x"
"120","pswq_11.x"
"121","pswq_12.x"
"122","pswq_13.x"
"123","pswq_14.x"
"124","pswq_15.x"
"125","pswq_16.x"
"126","pswq_total.x"
"127","smoke_currently.x"
"128","smoke_yes_begin.x"
"129","smoke_yes_per_day.x"
"130","smoke_ever.x"
"131","substance_use_smoke_begin_age.x"
"132","substance_use_smoke_end_age.x"
"133","smoke_ever_per_day.x"
"134","audit_1.x"
"135","audit_2.x"
"136","audit_3.x"
"137","audit_4.x"
"138","audit_5.x"
"139","audit_6.x"
"140","audit_7.x"
"141","audit_8.x"
"142","audit_9.x"
"143","audit_10.x"
"144","audit_total.x"
"145","imh_cancer.x"
"146","imh_cancer_age.x"
"147","imh_cancer_type"
"148","imh_diabetes.x"
"149","imh_diabetes_age.x"
"150","imh_high_bp.x"
"151","imh_high_bp_age.x"
"152","imh_high_cholesterol.x"
"153","imh_high_cholesterol_age.x"
"154","imh_alzheimers.x"
"155","imh_alzheimers_age.x"
"156","imh_heart_attack.x"
"157","imh_heart_attack_age.x"
"158","imh_thyroid_disease.x"
"159","imh_thyroid_disease_age.x"
"160","imh_kidney_disease.x"
"161","imh_kidney_disease_age.x"
"162","imh_stroke.x"
"163","imh_stroke_age_1.x"
"164","imh_stroke_age_2.x"
"165","imh_stroke_age_3.x"
"166","imh_stroke_age_4.x"
"167","imh_stroke_age_5.x"
"168","imh_depression.x"
"169","imh_depression_age.x"
"170","imh_anxiety.x"
"171","imh_anxiety_age.x"
"172","imh_osteoporosis.x"
"173","imh_osteoporosis_age.x"
"174","imh_arthritis.x"
"175","imh_arthritis_age.x"
"176","imh_tbi.x"
"177","imh_tbi_age.x"
"178","imh_other.x"
"179","medical_history_1_name.x"
"180","medical_history_1_onset_age.x"
"181","medical_history_2_name.x"
"182","medical_history_2_onset_age.x"
"183","medical_history_3_name.x"
"184","medical_history_3_onset_age.x"
"185","medical_history_4_name.x"
"186","medical_history_4_onset_age.x"
"187","medical_history_5_name.x"
"188","medical_history_5_onset_age.x"
"189","medical_history_6_name.x"
"190","medical_history_6_onset_age.x"
"191","medical_history_7_name.x"
"192","medical_history_7_onset_age.x"
"193","medical_history_8_name.x"
"194","medical_history_8_onset_age.x"
"195","medical_history_9_name.x"
"196","medical_history_9_onset_age.x"
"197","medical_history_10_name.x"
"198","medical_history_10_onset_age.x"
"199","iac_alternative2_relationship.x"
"200","iac_alternative1_relationship.x"
"201","iac_alternative2_relationship_other_relative.x"
"202","iac_alternative2_yes_no.x"
"203","iac_alternative1_yes_no.x"
"204","iac_alternative3_relationship_other_relative.x"
"205","iac_alternative3_yes_no.x"
"206","iac_alternative3_relationship.x"
"207","iac_alternative1_relationship_other_relative.x"
"208","iac_relationship.x"
"209","iac_relationship_other_relative.x"
"210","iac_informant"
"211","osu_tbi_1_2_age.x"
"212","osu_tbi_2_1_loc.x"
"213","osu_tbi_2_3_age.x"
"214","osu_tbi_2_4_age.x"
"215","osu_tbi_2_4_mem_gap.x"
"216","osu_tbi_3_1_cause.x"
"217","osu_tbi_3_1_mem_gap.x"
"218","osu_tbi_3_2_loc.x"
"219","osu_tbi_4_1_cause.x"
"220","osu_tbi_4_3_mem_gap.x"
"221","osu_tbi_5_1_mem_gap.x"
"222","osu_tbi_1_1_loc.x"
"223","osu_tbi_1_2_loc.x"
"224","osu_tbi_1_3_loc.x"
"225","osu_tbi_1_4_age.x"
"226","osu_tbi_1_4_cause.x"
"227","osu_tbi_1_5_age.x"
"228","osu_tbi_1_5_mem_gap.x"
"229","osu_tbi_2_2_mem_gap.x"
"230","osu_tbi_2_4_cause.x"
"231","osu_tbi_2_5_mem_gap.x"
"232","osu_tbi_3_1_age.x"
"233","osu_tbi_3_3_loc.x"
"234","osu_tbi_3_5_mem_gap.x"
"235","osu_tbi_4_5_loc.x"
"236","osu_tbi_5_1_cause.x"
"237","osu_tbi_5_2_cause.x"
"238","osu_tbi_5_2_loc.x"
"239","osu_tbi_1_1_mem_gap.x"
"240","osu_tbi_1_2_cause.x"
"241","osu_tbi_1_3_cause.x"
"242","osu_tbi_2_1_mem_gap.x"
"243","osu_tbi_2_2_age.x"
"244","osu_tbi_2_4_loc.x"
"245","osu_tbi_3_2_age.x"
"246","osu_tbi_3_4_age.x"
"247","osu_tbi_4_1_age.x"
"248","osu_tbi_4_2_age.x"
"249","osu_tbi_4_3_loc.x"
"250","osu_tbi_4_4_mem_gap.x"
"251","osu_tbi_4_5_cause.x"
"252","osu_tbi_5_1_loc.x"
"253","osu_tbi_1_1_age.x"
"254","osu_tbi_1_3_mem_gap.x"
"255","osu_tbi_1_4_loc.x"
"256","osu_tbi_1_4_mem_gap.x"
"257","osu_tbi_1_5_cause.x"
"258","osu_tbi_1_5_loc.x"
"259","osu_tbi_2_1_cause.x"
"260","osu_tbi_2_2_loc.x"
"261","osu_tbi_2_3_cause.x"
"262","osu_tbi_2_3_loc.x"
"263","osu_tbi_2_3_mem_gap.x"
"264","osu_tbi_2_5_age.x"
"265","osu_tbi_2_5_cause.x"
"266","osu_tbi_3_1_loc.x"
"267","osu_tbi_3_3_cause.x"
"268","osu_tbi_4_2_mem_gap.x"
"269","osu_tbi_4_3_cause.x"
"270","osu_tbi_5_3_age.x"
"271","osu_tbi_5_3_cause.x"
"272","osu_tbi_5_4_mem_gap.x"
"273","osu_tbi_5_5_cause.x"
"274","osu_tbi_1_1_cause.x"
"275","osu_tbi_1_3_age.x"
"276","osu_tbi_2_5_loc.x"
"277","osu_tbi_3_2_mem_gap.x"
"278","osu_tbi_3_3_mem_gap.x"
"279","osu_tbi_3_5_age.x"
"280","osu_tbi_3_5_cause.x"
"281","osu_tbi_4_2_loc.x"
"282","osu_tbi_4_3_age.x"
"283","osu_tbi_4_4_age.x"
"284","osu_tbi_4_4_loc.x"
"285","osu_tbi_4_5_age.x"
"286","osu_tbi_5_1_age.x"
"287","osu_tbi_5_3_loc.x"
"288","osu_tbi_5_3_mem_gap.x"
"289","osu_tbi_5_4_age.x"
"290","osu_tbi_5_4_cause.x"
"291","osu_tbi_5_5_age.x"
"292","osu_tbi_5_5_mem_gap.x"
"293","osu_tbi_1_2_mem_gap.x"
"294","osu_tbi_2_1_age.x"
"295","osu_tbi_2_2_cause.x"
"296","osu_tbi_3_2_cause.x"
"297","osu_tbi_3_3_age.x"
"298","osu_tbi_3_4_cause.x"
"299","osu_tbi_3_4_loc.x"
"300","osu_tbi_3_4_mem_gap.x"
"301","osu_tbi_3_5_loc.x"
"302","osu_tbi_4_1_loc.x"
"303","osu_tbi_4_1_mem_gap.x"
"304","osu_tbi_4_2_cause.x"
"305","osu_tbi_4_4_cause.x"
"306","osu_tbi_4_5_mem_gap.x"
"307","osu_tbi_5_2_age.x"
"308","osu_tbi_5_2_mem_gap.x"
"309","osu_tbi_5_4_loc.x"
"310","osu_tbi_5_5_loc.x"
"311","osu_tbi_1.x"
"312","osu_tbi_2.x"
"313","osu_tbi_3.x"
"314","osu_tbi_4.x"
"315","osu_tbi_5.x"
"316","osu_tbi_more_injuries.x"
"317","osu_tbi_repeated_cause.x"
"318","osu_tbi_repeated_cause_specify.x"
"319","osu_tbi_repeated_typical_effect.x"
"320","osu_tbi_repeated_severe_effect.x"
"321","osu_tbi_repeated_age_b.x"
"322","osu_tbi_repeated_age_e.x"
"323","osu_tbi_more_injuries_count.x"
"324","osu_tbi_more_injuries_longest_knocked_out.x"
"325","osu_tbi_more_injuries_knocked_out_times.x"
"326","osu_tbi_more_injuries_age.x"
"327","smc_1.x"
"328","smc_2.x"
"329","smc_3.x"
"330","smc_4.x"
"331","smc_5.x"
"332","smc_6.x"
"333","smc_7.x"
"334","smc_8.x"
"335","smc_9.x"
"336","smc_10.x"
"337","smc_11.x"
"338","smc_12.x"
"339","smc_13.x"
"340","smc_14.x"
"341","smc_total.x"
"342","social_support_1.x"
"343","social_support_2.x"
"344","social_support_3.x"
"345","social_support_4.x"
"346","social_support_5.x"
"347","social_support_6.x"
"348","social_support_7.x"
"349","social_support_8.x"
"350","social_support_9.x"
"351","social_support_10.x"
"352","social_support_11.x"
"353","social_support_12.x"
"354","social_support_total.x"
"355","chronic_stress_1.x"
"356","chronic_stress_1a.x"
"357","chronic_stress_1b.x"
"358","chronic_stress_2.x"
"359","chronic_stress_2a.x"
"360","chronic_stress_2b.x"
"361","chronic_stress_3.x"
"362","chronic_stress_3a.x"
"363","chronic_stress_3b.x"
"364","chronic_stress_4.x"
"365","chronic_stress_4a.x"
"366","chronic_stress_4b.x"
"367","chronic_stress_5.x"
"368","chronic_stress_5a.x"
"369","chronic_stress_5b.x"
"370","chronic_stress_6.x"
"371","chronic_stress_6a.x"
"372","chronic_stress_6b.x"
"373","chronic_stress_7.x"
"374","chronic_stress_7a.x"
"375","chronic_stress_7b.x"
"376","chronic_stress_8.x"
"377","chronic_stress_8a.x"
"378","chronic_stress_8b.x"
"379","chronic_stress_8c.x"
"380","chronic_stress_total.x"
"381","om_time2.x"
"382","om_bp2_sys.x"
"383","om_bp2_dia.x"
"384","om_pulse2.x"
"385","om_ab_circumference.x"
"386","om_height.x"
"387","om_weight.x"
"388","om_bmi.x"
"389","taking_medications.x"
"390","medication_1_name.x"
"391","medication_1_dosage.x"
"392","medication_1_dosage_units.x"
"393","medication_1_frequency.x"
"394","medication_1_frequency_units.x"
"395","medication_2_name.x"
"396","medication_2_dosage.x"
"397","medication_2_dosage_units.x"
"398","medication_2_frequency.x"
"399","medication_2_frequency_units.x"
"400","medication_3_name.x"
"401","medication_3_dosage.x"
"402","medication_3_dosage_units.x"
"403","medication_3_frequency.x"
"404","medication_3_frequency_units.x"
"405","medication_4_name.x"
"406","medication_4_dosage.x"
"407","medication_4_dosage_units.x"
"408","medication_4_frequency.x"
"409","medication_4_frequency_units.x"
"410","medication_5_name.x"
"411","medication_5_dosage.x"
"412","medication_5_dosage_units.x"
"413","medication_5_frequency.x"
"414","medication_5_frequency_units.x"
"415","medication_6_name.x"
"416","medication_6_dosage.x"
"417","medication_6_dosage_units.x"
"418","medication_6_frequency.x"
"419","medication_6_frequency_units.x"
"420","medication_7_name.x"
"421","medication_7_dosage.x"
"422","medication_7_dosage_units.x"
"423","medication_7_frequency.x"
"424","medication_7_frequency_units.x"
"425","medication_8_name.x"
"426","medication_8_dosage.x"
"427","medication_8_dosage_units.x"
"428","medication_8_frequency.x"
"429","medication_8_frequency_units.x"
"430","medication_9_name.x"
"431","medication_9_dosage.x"
"432","medication_9_dosage_units.x"
"433","medication_9_frequency.x"
"434","medication_9_frequency_units.x"
"435","medication_10_name.x"
"436","medication_10_dosage.x"
"437","medication_10_dosage_units.x"
"438","medication_10_frequency.x"
"439","medication_10_frequency_units.x"
"440","medication_11_name.x"
"441","medication_11_dosage.x"
"442","medication_11_dosage_units.x"
"443","medication_11_frequency.x"
"444","medication_11_frequency_units.x"
"445","medication_12_name.x"
"446","medication_12_dosage.x"
"447","medication_12_dosage_units.x"
"448","medication_12_frequency.x"
"449","medication_12_frequency_units.x"
"450","medication_13_name.x"
"451","medication_13_dosage.x"
"452","medication_13_dosage_units.x"
"453","medication_13_frequency.x"
"454","medication_13_frequency_units.x"
"455","medication_14_name.x"
"456","medication_14_dosage.x"
"457","medication_14_dosage_units.x"
"458","medication_14_frequency.x"
"459","medication_14_frequency_units.x"
"460","medication_15_name.x"
"461","medication_15_dosage.x"
"462","medication_15_dosage_units.x"
"463","medication_15_frequency.x"
"464","medication_15_frequency_units.x"
"465","medication_16_name.x"
"466","medication_16_dosage.x"
"467","medication_16_dosage_units.x"
"468","medication_16_frequency.x"
"469","medication_16_frequency_units.x"
"470","medication_17_name.x"
"471","medication_17_dosage.x"
"472","medication_17_dosage_units.x"
"473","medication_17_frequency.x"
"474","medication_17_frequency_units.x"
"475","medication_18_name.x"
"476","medication_18_dosage.x"
"477","medication_18_dosage_units.x"
"478","medication_18_frequency.x"
"479","medication_18_frequency_units.x"
"480","medication_19_name.x"
"481","medication_19_dosage.x"
"482","medication_19_dosage_units.x"
"483","medication_19_frequency.x"
"484","medication_19_frequency_units.x"
"485","medication_20_name.x"
"486","medication_20_dosage.x"
"487","medication_20_dosage_units.x"
"488","medication_20_frequency.x"
"489","medication_20_frequency_units.x"
"490","medication_21_name.x"
"491","medication_21_dosage.x"
"492","medication_21_dosage_units.x"
"493","medication_21_frequency.x"
"494","medication_21_frequency_units.x"
"495","medication_22_name.x"
"496","medication_22_dosage.x"
"497","medication_22_dosage_units.x"
"498","medication_22_frequency.x"
"499","medication_22_frequency_units.x"
"500","medication_23_name.x"
"501","medication_23_dosage.x"
"502","medication_23_dosage_units.x"
"503","medication_23_frequency.x"
"504","medication_23_frequency_units.x"
"505","medication_24_name.x"
"506","medication_24_dosage.x"
"507","medication_24_dosage_units.x"
"508","medication_24_frequency.x"
"509","medication_24_frequency_units.x"
"510","medication_25_name.x"
"511","medication_25_dosage.x"
"512","medication_25_dosage_units.x"
"513","medication_25_frequency.x"
"514","medication_25_frequency_units.x"
"515","informant_contacted.x"
"516","informant_yob.x"
"517","informant_sex.x"
"518","informant_race_white.x"
"519","informant_race_black.x"
"520","informant_race_indian_alaska.x"
"521","informant_race_asian.x"
"522","informant_race_japanese.x"
"523","informant_race_korean.x"
"524","informant_race_vietnamese.x"
"525","informant_race_native_hawaiian.x"
"526","informant_race_guam_chamorro.x"
"527","informant_race_samoan.x"
"528","informant_race_other_pacific.x"
"529","informant_race_other.x"
"530","informant_race_specify.x"
"531","informant_race_specify_amer_ind_tribe.x"
"532","informant_race_specify_asian_race.x"
"533","informant_race_specify_other_pacific_race.x"
"534","informant_origin_hls.x"
"535","inf_hispanic_other.x"
"536","informant_education_level.x"
"537","informant_subject_relationship.x"
"538","informant_subject_relationship_other.x"
"539","informant_live_with.x"
"540","informant_live_with_yes.x"
"541","informant_live_with_no_visit.x"
"542","informant_live_with_no_calls.x"
"543","cdr_m_memory.x"
"544","cdr_m_memory_examples.x"
"545","cdr_m_consistent.x"
"546","cdr_m_recent_events.x"
"547","cdr_m_short_list.x"
"548","cdr_m_past_year_decline.x"
"549","cdr_m_previous_activity_impaired.x"
"550","cdr_m_major_event.x"
"551","cdr_m_major_event_details.x"
"552","cdr_m_distant_past.x"
"553","cdr_m_last_week.x"
"554","cdr_m_last_month.x"
"555","cdr_o_date.x"
"556","cdr_o_time.x"
"557","cdr_o_familiar_streets.x"
"558","cdr_o_unfamiliar_streets.x"
"559","cdr_o_familiar_indoors.x"
"560","cdr_j_problem_solving.x"
"561","cdr_j_simple_money.x"
"562","cdr_j_complex_money.x"
"563","cdr_j_house_emergency.x"
"564","cdr_j_house_emergency_comment.x"
"565","cdr_j_understand_explanations.x"
"566","cdr_j_social_behavior.x"
"567","cdr_ca_drive_ever.x"
"568","cdr_ca_drive.x"
"569","cdr_ca_drive_no.x"
"570","cdr_ca_drive_risks.x"
"571","cdr_ca_shop.x"
"572","cdr_ca_activities.x"
"573","cdr_ca_functions.x"
"574","cdr_ca_no_functions.x"
"575","cdr_ca_observer.x"
"576","cdr_ca_nursing_home_social.x"
"577","cdr_ca_working_diff.x"
"578","cdr_ca_retired_diff.x"
"579","cdr_hh_chores.x"
"580","cdr_hh_chores_do_well.x"
"581","cdr_hh_hobbies.x"
"582","cdr_hh_hobbies_do_well.x"
"583","cdr_hh_nursing_home_not_do_well.x"
"584","cdr_hh_household_tasks.x"
"585","cdr_hh_household_tasks_describe.x"
"586","cdr_hh_household_level.x"
"587","cdr_pc_dressing.x"
"588","cdr_pc_grooming.x"
"589","cdr_pc_eating_habits.x"
"590","cdr_pc_sphincter_control.x"
"591","informant_reliability.x"
"592","informant_reliability_comments.x"
"593","ped_1_a.x"
"594","ped_1_a_duration_months.x"
"595","ped_1_a_duration_years.x"
"596","ped_1_b.x"
"597","ped_1_b_duration_months.x"
"598","ped_1_b_duration_years.x"
"599","ped_1_c_1.x"
"600","ped_1_c_1_duration_months.x"
"601","ped_1_c_1_duration_years.x"
"602","ped_1_c_2.x"
"603","ped_1_c_2_duration_months.x"
"604","ped_1_c_2_duration_years.x"
"605","ped_1_c_3.x"
"606","ped_1_c_3_duration_months.x"
"607","ped_1_c_3_duration_years.x"
"608","ped_1_d.x"
"609","ped_1_d_duration_months.x"
"610","ped_1_d_duration_years.x"
"611","ped_1_e.x"
"612","ped_1_e_duration_months.x"
"613","ped_1_e_duration_years.x"
"614","ped_2_a.x"
"615","ped_2_a_duration_months.x"
"616","ped_2_a_duration_years.x"
"617","ped_2_b.x"
"618","ped_2_b_duration_months.x"
"619","ped_2_b_duration_years.x"
"620","ped_2_c.x"
"621","ped_2_c_duration_months.x"
"622","ped_2_c_duration_years.x"
"623","ped_2_d.x"
"624","ped_2_d_duration_months.x"
"625","ped_2_d_duration_years.x"
"626","ped_2_e.x"
"627","ped_2_e_duration_months.x"
"628","ped_2_e_duration_years.x"
"629","ped_2_f.x"
"630","ped_2_f_duration_months.x"
"631","ped_2_f_duration_years.x"
"632","ped_3_a.x"
"633","ped_3_a_duration_months.x"
"634","ped_3_a_duration_years.x"
"635","ped_3_b.x"
"636","ped_3_b_duration_months.x"
"637","ped_3_b_duration_years.x"
"638","ped_3_c.x"
"639","ped_3_c_duration_months.x"
"640","ped_3_c_duration_years.x"
"641","ped_3_d.x"
"642","ped_3_d_duration_months.x"
"643","ped_3_d_duration_years.x"
"644","ped_3_e.x"
"645","ped_3_e_duration_months.x"
"646","ped_3_e_duration_years.x"
"647","ped_3_f.x"
"648","ped_3_f_duration_months.x"
"649","ped_3_f_duration_years.x"
"650","ped_4_a.x"
"651","ped_4_a_duration_months.x"
"652","ped_4_a_duration_years.x"
"653","ped_4_b.x"
"654","ped_4_b_duration_months.x"
"655","ped_4_b_duration_years.x"
"656","ped_4_c.x"
"657","ped_4_c_duration_months.x"
"658","ped_4_c_duration_years.x"
"659","ped_4_d.x"
"660","ped_4_d_duration_months.x"
"661","ped_4_d_duration_years.x"
"662","ped_4_e.x"
"663","ped_4_e_duration_months.x"
"664","ped_4_e_duration_years.x"
"665","ped_4_f.x"
"666","ped_4_f_duration_months.x"
"667","ped_4_f_duration_years.x"
"668","ped_4_g.x"
"669","ped_4_g_duration_months.x"
"670","ped_4_g_duration_years.x"
"671","ped_4_h_other.x"
"672","ped_4_h_other_specify.x"
"673","ped_4_h_other_duration_months.x"
"674","ped_4_h_other_duration_years.x"
"675","ped_4_i.x"
"676","ped_4_i_duration_months.x"
"677","ped_4_i_duration_years.x"
"678","ped_5_a.x"
"679","ped_5_a_duration_months.x"
"680","ped_5_a_duration_years.x"
"681","ped_5_b.x"
"682","ped_5_b_duration_months.x"
"683","ped_5_b_duration_years.x"
"684","ped_5_c.x"
"685","ped_5_c_duration_months.x"
"686","ped_5_c_duration_years.x"
"687","tug_time.x"
"688","tug_observations_slow.x"
"689","tug_observations_loss.x"
"690","tug_observations_short_strides.x"
"691","tug_observations_little.x"
"692","tug_observations_steadying_self.x"
"693","tug_observations_shuffling.x"
"694","tug_observations_en_bloc.x"
"695","tug_observations_not_using.x"
"696","tug_notes"
"697","side_by_side_stand.x"
"698","side_by_side_less10.x"
"699","semi_tandem_stand.x"
"700","semi_tandem_stand_less10.x"
"701","tandem_stand.x"
"702","tandem_stand_less10.x"
"703","total_balance_tests_score.x"
"704","balance_did_not_attempt_failed.x"
"705","balance_other_specifications.x"
"706","balance_comments.x"
"707","gait_speed_course_length.x"
"708","gait_speed_time_trial_1.x"
"709","gait_speed_failure_1.x"
"710","gait_speed_failure_1_other_specifications.x"
"711","aids_for_first_walk.x"
"712","gait_speed_comments.x"
"713","gait_speed_time_trial_2.x"
"714","gait_speed_failure_2.x"
"715","gait_speed_failure_2_other_specifications.x"
"716","aids_for_second_walk.x"
"717","gait_speed_time_shorter_of_two.x"
"718","gait_speed_time_one_walk.x"
"719","total_gait_speed_score.x"
"720","single_chair_stand_safe_to_stand.x"
"721","single_chair_stand_safe_results.x"
"722","single_chair_stand_failed.x"
"723","single_chair_stand_other_specifications.x"
"724","repeated_chair_stand_test_safe.x"
"725","repeated_chair_stand_time.x"
"726","repeated_chair_stand_failed.x"
"727","repeated_chair_stand_other_specifications.x"
"728","total_repeated_chair_stand.x"
"729","total_score_sppb.x"
"730","sevlt_dr_notes"
"731","sevlt_t2_notes"
"732","sevlt_t5_notes.x"
"733","sevlt_t3_notes"
"734","sevlt_t1_notes.x"
"735","sevlt_t1_cabbage_or_repollo.x"
"736","sevlt_t1_ladle_or_cucharon.x"
"737","sevlt_t1_coffee_or_cafe.x"
"738","sevlt_t1_beets_or_remolachas.x"
"739","sevlt_t1_dictionary_or_diccionario.x"
"740","sevlt_t1_cocoa_or_cacao.x"
"741","sevlt_t1_beans_or_frijoles.x"
"742","sevlt_t1_strainer_or_coladera.x"
"743","sevlt_t1_oranges_or_naranjas.x"
"744","sevlt_t1_corn_or_maiz.x"
"745","sevlt_t1_newspaper_or_periodico.x"
"746","sevlt_t1_juice_or_jugo.x"
"747","sevlt_t1_asparagus_or_esparrago.x"
"748","sevlt_t1_pan_or_olla.x"
"749","sevlt_t1_tea_or_te.x"
"750","sevlt_t2_cabbage_or_repollo.x"
"751","sevlt_t2_ladle_or_cucharon.x"
"752","sevlt_t2_coffee_or_cafe.x"
"753","sevlt_t2_beets_or_remolachas.x"
"754","sevlt_t2_dictionary_or_diccionario.x"
"755","sevlt_t2_cocoa_or_cacao.x"
"756","sevlt_t2_beans_or_frijoles.x"
"757","sevlt_t2_strainer_or_coladera.x"
"758","sevlt_t2_oranges_or_naranjas.x"
"759","sevlt_t2_corn_or_maiz.x"
"760","sevlt_t2_newspaper_or_periodico.x"
"761","sevlt_t2_juice_or_jugo.x"
"762","sevlt_t2_asparagus_or_esparrago.x"
"763","sevlt_t2_pan_or_olla.x"
"764","sevlt_t2_tea_or_te.x"
"765","sevlt_t3_cabbage_or_repollo.x"
"766","sevlt_t3_ladle_or_cucharon.x"
"767","sevlt_t3_coffee_or_cafe.x"
"768","sevlt_t3_beets_or_remolachas.x"
"769","sevlt_t3_dictionary_or_diccionario.x"
"770","sevlt_t3_cocoa_or_cacao.x"
"771","sevlt_t3_beans_or_frijoles.x"
"772","sevlt_t3_strainer_or_coladera.x"
"773","sevlt_t3_oranges_or_naranjas.x"
"774","sevlt_t3_corn_or_maiz.x"
"775","sevlt_t3_newspaper_or_periodico.x"
"776","sevlt_t3_juice_or_jugo.x"
"777","sevlt_t3_asparagus_or_esparrago.x"
"778","sevlt_t3_pan_or_olla.x"
"779","sevlt_t3_tea_or_te.x"
"780","sevlt_t5_cabbage_or_repollo.x"
"781","sevlt_t5_ladle_or_cucharon.x"
"782","sevlt_t5_coffee_or_cafe.x"
"783","sevlt_t5_beets_or_remolachas.x"
"784","sevlt_t5_dictionary_or_diccionario.x"
"785","sevlt_t5_cocoa_or_cacao.x"
"786","sevlt_t5_beans_or_frijoles.x"
"787","sevlt_t5_strainer_or_coladera.x"
"788","sevlt_t5_oranges_or_naranjas.x"
"789","sevlt_t5_corn_or_maiz.x"
"790","sevlt_t5_newspaper_or_periodico.x"
"791","sevlt_t5_juice_or_jugo.x"
"792","sevlt_t5_asparagus_or_esparrago.x"
"793","sevlt_t5_pan_or_olla.x"
"794","sevlt_t5_tea_or_te.x"
"795","sevlt_dr_cabbage_or_repollo.x"
"796","sevlt_dr_ladle_or_cucharon.x"
"797","sevlt_dr_coffee_or_cafe.x"
"798","sevlt_dr_beets_or_remolachas.x"
"799","sevlt_dr_dictionary_or_diccionario.x"
"800","sevlt_dr_cocoa_or_cacao.x"
"801","sevlt_dr_beans_or_frijoles.x"
"802","sevlt_dr_strainer_or_coladera.x"
"803","sevlt_dr_oranges_or_naranjas.x"
"804","sevlt_dr_corn_or_maiz.x"
"805","sevlt_dr_newspaper_or_periodico.x"
"806","sevlt_dr_juice_or_jugo.x"
"807","sevlt_dr_asparagus_or_esparrago.x"
"808","sevlt_dr_pan_or_olla.x"
"809","sevlt_dr_tea_or_te.x"
"810","sevlt_t1_total.x"
"811","sevlt_t2_total.x"
"812","sevlt_t3_total.x"
"813","sevlt_t5_total.x"
"814","sevlt_t1235_total.x"
"815","sevlt_t1235_z_score.x"
"816","sevlt_dr_total.x"
"817","sevlt_dr_z_score.x"
"818","amnart_notes.x"
"819","amnart_1a"
"820","amnart_1b"
"821","amnart_1c"
"822","amnart_1d"
"823","amnart_1e"
"824","amnart_1f"
"825","amnart_1g"
"826","amnart_1h"
"827","amnart_1i"
"828","amnart_1j"
"829","amnart_1k"
"830","amnart_1l"
"831","amnart_1m"
"832","amnart_1n"
"833","amnart_1o"
"834","amnart_1p"
"835","amnart_1q"
"836","amnart_1r"
"837","amnart_1s"
"838","amnart_1t"
"839","amnart_1u"
"840","amnart_1v"
"841","amnart_1w"
"842","amnart_1x"
"843","amnart_1y"
"844","amnart_2a"
"845","amnart_2b"
"846","amnart_2c"
"847","amnart_2d"
"848","amnart_2e"
"849","amnart_2f"
"850","amnart_2g"
"851","amnart_2h"
"852","amnart_2i"
"853","amnart_2j"
"854","amnart_2k"
"855","amnart_2l"
"856","amnart_2m"
"857","amnart_2n"
"858","amnart_2o"
"859","amnart_2p"
"860","amnart_2q"
"861","amnart_2r"
"862","amnart_2s"
"863","amnart_2t"
"864","amnart_er"
"865","amnart_z_score"
"866","cdx_questionable_validity"
"867","cdr_memory.x"
"868","cdr_orientation.x"
"869","cdr_judgement.x"
"870","cdr_community_affairs.x"
"871","cdr_homeand_hobbies.x"
"872","cdr_personal_care.x"
"873","cdr_sum.x"
"874","cdr_global.x"
"875","ped_total.x"
"876","cdx_cog.x"
"877","cdx_scc.x"
"878","clinician_qc_override_cdx_cog.x"
"879","bw_egfr.x"
"880","cdx_ir.x"
"881","cdx_irpm.x"
"882","cdx_ipm.x"
"883","rapa_1_1.x"
"884","rapa_1_2.x"
"885","rapa_1_3.x"
"886","rapa_1_4.x"
"887","rapa_1_5.x"
"888","rapa_1_6.x"
"889","rapa_1_7.x"
"890","rapa_1_total.x"
"891","rapa_2_1.x"
"892","rapa_2_2.x"
"893","rapa_2_total.x"
"894","cancer_history.x"
"895","cancer_breast_1.x"
"896","cancer_breast_2.x"
"897","cancer_breast_3.x"
"898","cancer_breast_4.x"
"899","cancer_breast_5.x"
"900","cancer_breast_6.x"
"901","cancer_breast_7.x"
"902","cancer_breast_8.x"
"903","cancer_breast_9.x"
"904","cancer_breast_10.x"
"905","cancer_prostate_1.x"
"906","cancer_prostate_2.x"
"907","cancer_prostate_3.x"
"908","cancer_prostate_4.x"
"909","cancer_prostate_5.x"
"910","cancer_prostate_6.x"
"911","cancer_prostate_7.x"
"912","cancer_prostate_8.x"
"913","cancer_prostate_9.x"
"914","cancer_prostate_10.x"
"915","cancer_lung_1.x"
"916","cancer_lung_2.x"
"917","cancer_lung_3.x"
"918","cancer_lung_4.x"
"919","cancer_lung_5.x"
"920","cancer_lung_6.x"
"921","cancer_lung_7.x"
"922","cancer_lung_8.x"
"923","cancer_lung_9.x"
"924","cancer_lung_10.x"
"925","cancer_leukemia_1.x"
"926","cancer_leukemia_2.x"
"927","cancer_leukemia_3.x"
"928","cancer_leukemia_4.x"
"929","cancer_leukemia_5.x"
"930","cancer_leukemia_6.x"
"931","cancer_leukemia_7.x"
"932","cancer_leukemia_8.x"
"933","cancer_leukemia_9.x"
"934","cancer_leukemia_10.x"
"935","cancer_pancreas_1.x"
"936","cancer_pancreas_2.x"
"937","cancer_pancreas_3.x"
"938","cancer_pancreas_4.x"
"939","cancer_pancreas_5.x"
"940","cancer_pancreas_6.x"
"941","cancer_pancreas_7.x"
"942","cancer_pancreas_8.x"
"943","cancer_pancreas_9.x"
"944","cancer_pancreas_10.x"
"945","cancer_colon_1.x"
"946","cancer_colon_2.x"
"947","cancer_colon_3.x"
"948","cancer_colon_4.x"
"949","cancer_colon_5.x"
"950","cancer_colon_6.x"
"951","cancer_colon_7.x"
"952","cancer_colon_8.x"
"953","cancer_colon_9.x"
"954","cancer_colon_10.x"
"955","cancer_non_hodgkin_1.x"
"956","cancer_non_hodgkin_2.x"
"957","cancer_non_hodgkin_3.x"
"958","cancer_non_hodgkin_4.x"
"959","cancer_non_hodgkin_5.x"
"960","cancer_non_hodgkin_6.x"
"961","cancer_non_hodgkin_7.x"
"962","cancer_non_hodgkin_8.x"
"963","cancer_non_hodgkin_9.x"
"964","cancer_non_hodgkin_10.x"
"965","cancer_thyroid_1.x"
"966","cancer_thyroid_2.x"
"967","cancer_thyroid_3.x"
"968","cancer_thyroid_4.x"
"969","cancer_thyroid_5.x"
"970","cancer_thyroid_6.x"
"971","cancer_thyroid_7.x"
"972","cancer_thyroid_8.x"
"973","cancer_thyroid_9.x"
"974","cancer_thyroid_10.x"
"975","cancer_siblings.x"
"976","cancer_siblings_history.x"
"977","cancer_history_mother.x"
"978","cancer_history_father.x"
"979","vfq.x"
"980","vfq_yes.x"
"981","vfq_1.x"
"982","vfq_2.x"
"983","vfq_3.x"
"984","vfq_4.x"
"985","vfq_5.x"
"986","vfq_6.x"
"987","vfq_7.x"
"988","vfq_8.x"
"989","vfq_9.x"
"990","vfq_10.x"
"991","vfq_11.x"
"992","vfq_12.x"
"993","vfq_13.x"
"994","vfq_14.x"
"995","vfq_15.x"
"996","vfq_15a.x"
"997","vfq_15b.x"
"998","vfq_15c.x"
"999","vfq_16.x"
"1000","vfq_16a.x"
"1001","vfq_17.x"
"1002","vfq_18.x"
"1003","vfq_19.x"
"1004","vfq_20.x"
"1005","vfq_21.x"
"1006","vfq_22.x"
"1007","vfq_23.x"
"1008","vfq_24.x"
"1009","vfq_25.x"
"1010","womens_health_3_yes_no"
"1011","womens_health_1.x"
"1012","womens_health_2.x"
"1013","womens_health_2_therapy.x"
"1014","womens_health_2_other.x"
"1015","womens_health_3.x"
"1016","womens_health_4.x"
"1017","womens_health_5.x"
"1018","womens_health_6.x"
"1019","womens_health_7.x"
"1020","womens_health_8.x"
"1021","womens_health_9.x"
"1022","womens_health_10.x"
"1023","womens_health_11.x"
"1024","womens_health_12.x"
"1025","womens_health_12_no.x"
"1026","womens_health_12_reasons.x"
"1027","mmse_notes.x"
"1028","mmse_serial_7s_2.x"
"1029","mmse_serial_7s_5.x"
"1030","mmse_12_back_text.x"
"1031","mmse_12_notes.x"
"1032","mmse_12_text.x"
"1033","mmse_serial_7s_4.x"
"1034","mmse_12_complete.x"
"1035","mmse_serial_7s_1.x"
"1036","mmse_serial_7s_3.x"
"1037","mmse_1.x"
"1038","mmse_2.x"
"1039","mmse_3.x"
"1040","mmse_4.x"
"1041","mmse_5.x"
"1042","mmse_6.x"
"1043","mmse_7.x"
"1044","mmse_8.x"
"1045","mmse_9.x"
"1046","mmse_10.x"
"1047","mmse_11a.x"
"1048","mmse_11b.x"
"1049","mmse_11c.x"
"1050","mmse_12.x"
"1051","mmse_12_s7s.x"
"1052","mmse_13a.x"
"1053","mmse_13b.x"
"1054","mmse_13c.x"
"1055","mmse_14a.x"
"1056","mmse_14b.x"
"1057","mmse_15.x"
"1058","mmse_16a.x"
"1059","mmse_16b.x"
"1060","mmse_16c.x"
"1061","mmse_17.x"
"1062","mmse_18.x"
"1063","mmse_19.x"
"1064","mmse_total.x"
"1065","logical_memory_1a_notes"
"1066","logical_memory_1b1_notes"
"1067","logical_memory_2a_notes"
"1068","logical_memory_2b_notes"
"1069","logical_memory_1b2_notes"
"1070","lm1_a1.x"
"1071","lm1_a2.x"
"1072","lm1_a3.x"
"1073","lm1_a4.x"
"1074","lm1_a5.x"
"1075","lm1_a6.x"
"1076","lm1_a7.x"
"1077","lm1_a8.x"
"1078","lm1_a9.x"
"1079","lm1_a10.x"
"1080","lm1_a11.x"
"1081","lm1_a12.x"
"1082","lm1_a13.x"
"1083","lm1_a14.x"
"1084","lm1_a15.x"
"1085","lm1_a16.x"
"1086","lm1_a17.x"
"1087","lm1_a18.x"
"1088","lm1_a19.x"
"1089","lm1_a20.x"
"1090","lm1_a21.x"
"1091","lm1_a22.x"
"1092","lm1_a23.x"
"1093","lm1_a24.x"
"1094","lm1_a25.x"
"1095","lm1_a_total.x"
"1096","lm1_b1_1.x"
"1097","lm1_b1_2.x"
"1098","lm1_b1_3.x"
"1099","lm1_b1_4.x"
"1100","lm1_b1_5.x"
"1101","lm1_b1_6.x"
"1102","lm1_b1_7.x"
"1103","lm1_b1_8.x"
"1104","lm1_b1_9.x"
"1105","lm1_b1_10.x"
"1106","lm1_b1_11.x"
"1107","lm1_b1_12.x"
"1108","lm1_b1_13.x"
"1109","lm1_b1_14.x"
"1110","lm1_b1_15.x"
"1111","lm1_b1_16.x"
"1112","lm1_b1_17.x"
"1113","lm1_b1_18.x"
"1114","lm1_b1_19.x"
"1115","lm1_b1_20.x"
"1116","lm1_b1_21.x"
"1117","lm1_b1_22.x"
"1118","lm1_b1_23.x"
"1119","lm1_b1_24.x"
"1120","lm1_b1_25.x"
"1121","lm1_b1_total.x"
"1122","lm1_b2_1.x"
"1123","lm1_b2_2.x"
"1124","lm1_b2_3.x"
"1125","lm1_b2_4.x"
"1126","lm1_b2_5.x"
"1127","lm1_b2_6.x"
"1128","lm1_b2_7.x"
"1129","lm1_b2_8.x"
"1130","lm1_b2_9.x"
"1131","lm1_b2_10.x"
"1132","lm1_b2_11.x"
"1133","lm1_b2_12.x"
"1134","lm1_b2_13.x"
"1135","lm1_b2_14.x"
"1136","lm1_b2_15.x"
"1137","lm1_b2_16.x"
"1138","lm1_b2_17.x"
"1139","lm1_b2_18.x"
"1140","lm1_b2_19.x"
"1141","lm1_b2_20.x"
"1142","lm1_b2_21.x"
"1143","lm1_b2_22.x"
"1144","lm1_b2_23.x"
"1145","lm1_b2_24.x"
"1146","lm1_b2_25.x"
"1147","lm1_b2_total.x"
"1148","lm1_ab_total.x"
"1149","lm1_ab_z_score.x"
"1150","lm2_a1.x"
"1151","lm2_a2.x"
"1152","lm2_a3.x"
"1153","lm2_a4.x"
"1154","lm2_a5.x"
"1155","lm2_a6.x"
"1156","lm2_a7.x"
"1157","lm2_a8.x"
"1158","lm2_a9.x"
"1159","lm2_a10.x"
"1160","lm2_a11.x"
"1161","lm2_a12.x"
"1162","lm2_a13.x"
"1163","lm2_a14.x"
"1164","lm2_a15.x"
"1165","lm2_a16.x"
"1166","lm2_a17.x"
"1167","lm2_a18.x"
"1168","lm2_a19.x"
"1169","lm2_a20.x"
"1170","lm2_a21.x"
"1171","lm2_a22.x"
"1172","lm2_a23.x"
"1173","lm2_a24.x"
"1174","lm2_a25.x"
"1175","lm2_a_total.x"
"1176","lm2_b1.x"
"1177","lm2_b2.x"
"1178","lm2_b3.x"
"1179","lm2_b4.x"
"1180","lm2_b5.x"
"1181","lm2_b6.x"
"1182","lm2_b7.x"
"1183","lm2_b8.x"
"1184","lm2_b9.x"
"1185","lm2_b10.x"
"1186","lm2_b11.x"
"1187","lm2_b12.x"
"1188","lm2_b13.x"
"1189","lm2_b14.x"
"1190","lm2_b15.x"
"1191","lm2_b16.x"
"1192","lm2_b17.x"
"1193","lm2_b18.x"
"1194","lm2_b19.x"
"1195","lm2_b20.x"
"1196","lm2_b21.x"
"1197","lm2_b22.x"
"1198","lm2_b23.x"
"1199","lm2_b24.x"
"1200","lm2_b25.x"
"1201","lm2_b_total.x"
"1202","lm2_ab_total.x"
"1203","lm2_ab_z_score.x"
"1204","ds_notes"
"1205","dsf_1_t1.x"
"1206","dsf_1_t2.x"
"1207","dsf_2_t1.x"
"1208","dsf_2_t2.x"
"1209","dsf_3_t1.x"
"1210","dsf_3_t2.x"
"1211","dsf_4_t1.x"
"1212","dsf_4_t2.x"
"1213","dsf_5_t1.x"
"1214","dsf_5_t2.x"
"1215","dsf_6_t1.x"
"1216","dsf_6_t2.x"
"1217","dsf_7_t1.x"
"1218","dsf_7_t2.x"
"1219","dsf_8_t1.x"
"1220","dsf_8_t2.x"
"1221","dsf_total.x"
"1222","dsb_1_t1.x"
"1223","dsb_1_t2.x"
"1224","dsb_2_t1.x"
"1225","dsb_2_t2.x"
"1226","dsb_3_t1.x"
"1227","dsb_3_t2.x"
"1228","dsb_4_t1.x"
"1229","dsb_4_t2.x"
"1230","dsb_5_t1.x"
"1231","dsb_5_t2.x"
"1232","dsb_6_t1.x"
"1233","dsb_6_t2.x"
"1234","dsb_7_t1.x"
"1235","dsb_7_t2.x"
"1236","dsb_total.x"
"1237","ds_total.x"
"1238","ds_z_score.x"
"1239","trails_a_notes.x"
"1240","trails_b_notes.x"
"1241","trails_a_time.x"
"1242","trails_a_errors.x"
"1243","trails_a_z_score.x"
"1244","trails_b_time.x"
"1245","trails_b_errors.x"
"1246","trails_b_z_score.x"
"1247","fas_notes"
"1248","fas_count_f.x"
"1249","fas_count_a.x"
"1250","fas_count_s.x"
"1251","fas_total.x"
"1252","fas_z_score.x"
"1253","gds_notes.x"
"1254","gds_category.x"
"1255","gds_1.x"
"1256","gds_2.x"
"1257","gds_3.x"
"1258","gds_4.x"
"1259","gds_5.x"
"1260","gds_6.x"
"1261","gds_7.x"
"1262","gds_8.x"
"1263","gds_9.x"
"1264","gds_10.x"
"1265","gds_11.x"
"1266","gds_12.x"
"1267","gds_13.x"
"1268","gds_14.x"
"1269","gds_15.x"
"1270","gds_16.x"
"1271","gds_17.x"
"1272","gds_18.x"
"1273","gds_19.x"
"1274","gds_20.x"
"1275","gds_21.x"
"1276","gds_22.x"
"1277","gds_23.x"
"1278","gds_24.x"
"1279","gds_25.x"
"1280","gds_26.x"
"1281","gds_27.x"
"1282","gds_28.x"
"1283","gds_29.x"
"1284","gds_30.x"
"1285","gds_total.x"
"1286","gds_score_d.x"
"1287","gds_score_m.x"
"1288","gds_score_a.x"
"1289","gds_score_c.x"
"1290","digit_symbol_substitution_notes"
"1291","animal_notes.x"
"1292","tomm_notes.x"
"1293","animal_total.x"
"1294","animal_z_score.x"
"1295","digit_symbol_substitution.x"
"1296","digit_symbol_substitution_z_score.x"
"1297","tomm_total.x"
"1298","king_mri_scale.x"
"1299","wat_notes"
"1300","wat_01"
"1301","wat_02"
"1302","wat_03"
"1303","wat_04"
"1304","wat_05"
"1305","wat_06"
"1306","wat_07"
"1307","wat_08"
"1308","wat_09"
"1309","wat_10"
"1310","wat_11"
"1311","wat_12"
"1312","wat_13"
"1313","wat_14"
"1314","wat_15"
"1315","wat_16"
"1316","wat_17"
"1317","wat_18"
"1318","wat_19"
"1319","wat_20"
"1320","wat_21"
"1321","wat_22"
"1322","wat_23"
"1323","wat_24"
"1324","wat_25"
"1325","wat_26"
"1326","wat_27"
"1327","wat_28"
"1328","wat_29"
"1329","wat_30"
"1330","wat_correct"
"1331","wat_z_score"
"1332","bw_chol_total.x"
"1333","bw_hdl_chol.x"
"1334","bw_triglycerides.x"
"1335","bw_ld_lchol.x"
"1336","bw_cholhdlcratio.x"
"1337","bw_nonhdl.x"
"1338","bw_glucose.x"
"1339","bw_u_abun.x"
"1340","bw_creatinine.x"
"1341","bw_egf_rnon_aa.x"
"1342","bw_egfraa.x"
"1343","bw_sodium.x"
"1344","bw_potass.x"
"1345","bw_chloride.x"
"1346","bw_carbondiox.x"
"1347","bw_calcium.x"
"1348","bw_protein.x"
"1349","bw_alb.x"
"1350","bw_glob.x"
"1351","bw_alb_glob.x"
"1352","bw_bilirubin.x"
"1353","bw_alka.x"
"1354","bw_ast.x"
"1355","bw_alt.x"
"1356","bw_hba1c.x"
"1357","bw_tsh.x"
"1358","bw_t4.x"
"1359","bw_wbc.x"
"1360","bw_rbc.x"
"1361","bw_hemoglobin.x"
"1362","bw_hematocrit.x"
"1363","bw_mcv.x"
"1364","bw_mch.x"
"1365","bw_mchc.x"
"1366","bw_rdw.x"
"1367","bw_platelet.x"
"1368","bw_a_bneutro.x"
"1369","bw_a_blymph.x"
"1370","bw_a_bmono.x"
"1371","bw_a_beosin.x"
"1372","bw_a_bbaso.x"
"1373","bw_neutrophils.x"
"1374","bw_lymphocytes.x"
"1375","bw_monocytes.x"
"1376","bw_eosinophils.x"
"1377","bw_baspphils.x"
"1378","bw_vitaminb12.x"
"1379","bw_folate.x"
"1380","cdx_hypertension.x"
"1381","cdx_dyslipidemia.x"
"1382","cdx_diabetes.x"
"1383","cdx_hyperthyroid.x"
"1384","cdx_hypothyroid.x"
"1385","cdx_cvd.x"
"1386","cdx_anemia.x"
"1387","cdx_vitamin_b12.x"
"1388","cdx_depression.x"
"1389","cdx_anxiety.x"
"1390","cdx_alcohol.x"
"1391","cdx_tobacco.x"
"1392","clinical_read_amyloid_positivity.x"
"1393","clinical_read_tau_positivity.x"
"1394","hi_a.x"
"1395","hi_b.x"
"1396","hi_c.x"
"1397","hi_d.x"
"1398","hi_e.x"
"1399","hi_f.x"
"1400","hi_g.x"
"1401","hi_h.x"
"1402","hi_i.x"
"1403","hi_j.x"
"1404","hi_k.x"
"1405","hi_l.x"
"1406","hi_m.x"
"1407","hi_score.x"
"1408","eds_1.x"
"1409","eds_2.x"
"1410","eds_3.x"
"1411","eds_4.x"
"1412","eds_5.x"
"1413","eds_6.x"
"1414","eds_7.x"
"1415","eds_8.x"
"1416","eds_9.x"
"1417","eds_1_reason_age.x"
"1418","eds_1_reason_ancestry.x"
"1419","eds_1_reason_education.x"
"1420","eds_1_reason_gender.x"
"1421","eds_1_reason_height.x"
"1422","eds_1_reason_orientation.x"
"1423","eds_1_reason_other.x"
"1424","eds_1_reason_race.x"
"1425","eds_1_reason_religion.x"
"1426","eds_1_reason_weight.x"
"1427","eds_1_reason_physical.x"
"1428","eds_1_reason_physical_other.x"
"1429","x06_brain_age_r_upper_ci.x"
"1430","x06_deep_brain_net_predicted_age.x"
"1431","x06_brain_age_r_lower_ci.x"
"1432","x06_brain_age_r_predicted_age.x"
"1433","covid_testing_ever_had_positive.x"
"1434","covid_testing_positive_second_time.x"
"1435","covid_testing_tested.x"
"1436","covid_testing_when_original.x"
"1437","covid_testing_positive_more.x"
"1438","covid_symptoms_chestpain_still_have.x"
"1439","covid_symptoms_cough.x"
"1440","covid_symptoms_loss_still_have.x"
"1441","covid_symptoms_nausea.x"
"1442","covid_symptoms_other.x"
"1443","covid_symptoms_other_days.x"
"1444","covid_symptoms_stuffy_days.x"
"1445","covid_symptoms_confusion_days.x"
"1446","covid_symptoms_fever_days.x"
"1447","covid_symptoms_runny.x"
"1448","covid_symptoms_runny_days.x"
"1449","covid_symptoms_skin_days.x"
"1450","covid_symptoms_sob_days.x"
"1451","covid_symptoms_sob_still_have.x"
"1452","covid_symptoms_trouble_days.x"
"1453","covid_symptoms_body.x"
"1454","covid_symptoms_chestpain_days.x"
"1455","covid_symptoms_confusion_still_have.x"
"1456","covid_symptoms_conjunctivitis_days.x"
"1457","covid_symptoms_diarrhea.x"
"1458","covid_symptoms_fever.x"
"1459","covid_symptoms_nausea_days.x"
"1460","covid_symptoms_sore.x"
"1461","covid_symptoms_stuffy_still_have.x"
"1462","covid_symptoms_trouble.x"
"1463","covid_symptoms_trouble_still_have.x"
"1464","covid_symptoms_weakness.x"
"1465","covid_symptoms_abdominalpain_days.x"
"1466","covid_symptoms_abdominalpain_still_have.x"
"1467","covid_symptoms_chills_days.x"
"1468","covid_symptoms_conjunctivitis_still_have.x"
"1469","covid_symptoms_cough_still_have.x"
"1470","covid_symptoms_diarrhea_still_have.x"
"1471","covid_symptoms_fever_still_have.x"
"1472","covid_symptoms_headache_days.x"
"1473","covid_symptoms_loss_days.x"
"1474","covid_symptoms_other_text.x"
"1475","covid_symptoms_runny_still_have.x"
"1476","covid_symptoms_skin.x"
"1477","covid_symptoms_sob.x"
"1478","covid_symptoms_stuffy.x"
"1479","covid_symptoms_vomiting.x"
"1480","covid_symptoms_vomiting_days.x"
"1481","covid_symptoms_vomiting_still_have.x"
"1482","covid_symptoms_abdominalpain.x"
"1483","covid_symptoms_chills_still_have.x"
"1484","covid_symptoms_cough_days.x"
"1485","covid_symptoms_diarrhea_days.x"
"1486","covid_symptoms_other_still_have.x"
"1487","covid_symptoms_skin_still_have.x"
"1488","covid_symptoms_sore_days.x"
"1489","covid_symptoms_body_days.x"
"1490","covid_symptoms_body_still_have.x"
"1491","covid_symptoms_chestpain.x"
"1492","covid_symptoms_chills.x"
"1493","covid_symptoms_confusion.x"
"1494","covid_symptoms_conjunctivitis.x"
"1495","covid_symptoms_headache.x"
"1496","covid_symptoms_headache_still_have.x"
"1497","covid_symptoms_loss.x"
"1498","covid_symptoms_nausea_still_have.x"
"1499","covid_symptoms_sore_still_have.x"
"1500","covid_symptoms_weakness_days.x"
"1501","covid_symptoms_weakness_still_have.x"
"1502","covid_longterm_vaccine_booster.x"
"1503","covid_longterm_vaccine_booster_type.x"
"1504","covid_longterm_worried.x"
"1505","covid_longterm_vaccine_receive.x"
"1506","covid_longterm_vaccine_type.x"
"1507","covid_treatments_icu_days.x"
"1508","covid_treatments_other_text.x"
"1509","covid_hospitalized.x"
"1510","covid_treatments_dialysis_days.x"
"1511","covid_treatments_oxygen.x"
"1512","covid_medically_treated.x"
"1513","covid_treatments_icu.x"
"1514","covid_treatments_other.x"
"1515","covid_treatments_oxygen_days.x"
"1516","covid_treatments_ventilator.x"
"1517","covid_treatments_dialysis.x"
"1518","covid_treatments_other_days.x"
"1519","covid_treatments_ventilator_days.x"
"1520","covid_after_treatment_appetite_problems.x"
"1521","covid_after_treatment_exercise_problems.x"
"1522","covid_after_treatment_attention_problems.x"
"1523","covid_after_treatment_memory_problems.x"
"1524","covid_after_treatment_racing_heartrate.x"
"1525","covid_after_treatment_weak_after_physical_activity.x"
"1526","covid_after_treatment_lightheaded.x"
"1527","covid_after_treatment_no_work.x"
"1528","covid_after_treatment_trouble_sleeping.x"
"1529","covid_after_treatment_usual_activities.x"
"1530","covid_after_treatment_other.x"
"1531","covid_after_treatment_other_text.x"
"1532","age_firststarted_esp.x"
"1533","language_history_2_1.x"
"1534","language_pro_esp_speaking.x"
"1535","years_country_eng.x"
"1536","years_other_oth.x"
"1537","age_reguse_oth.x"
"1538","language_history_2.x"
"1539","years_college_esp.x"
"1540","years_school_eng.x"
"1541","age_reguse_eng.x"
"1542","age_reguse_esp.x"
"1543","language_pro_eng_understanding.x"
"1544","language_pro_esp_writing.x"
"1545","language_pro_oth_writing.x"
"1546","years_country_esp.x"
"1547","years_country_oth.x"
"1548","years_other_eng.x"
"1549","language_pro_eng_reading.x"
"1550","language_pro_oth_reading.x"
"1551","language_pro_oth_understanding.x"
"1552","years_college_eng.x"
"1553","years_college_oth.x"
"1554","years_school_esp.x"
"1555","years_school_oth.x"
"1556","language_history_1.x"
"1557","language_pro_eng_speaking.x"
"1558","language_pro_eng_writing.x"
"1559","language_pro_esp_reading.x"
"1560","language_pro_esp_understanding.x"
"1561","years_other_esp.x"
"1562","age_firststarted_eng.x"
"1563","age_firststarted_oth.x"
"1564","language_pro_oth_speaking.x"
"1565","language_use_eng_6.x"
"1566","language_use_esp_13.x"
"1567","language_use_esp_6.x"
"1568","language_use_esp_8.x"
"1569","language_use_other_1.x"
"1570","language_use_other_4.x"
"1571","language_use_other_6.x"
"1572","language_use_eng_13.x"
"1573","language_use_eng_2.x"
"1574","language_use_eng_7.x"
"1575","language_use_esp_1.x"
"1576","language_use_other_10.x"
"1577","language_use_other_12.x"
"1578","language_use_eng_11.x"
"1579","language_use_eng_5.x"
"1580","language_use_eng_8.x"
"1581","language_use_esp_7.x"
"1582","language_use_other_11.x"
"1583","language_use_other_13.x"
"1584","language_use_other_2.x"
"1585","language_use_other_3.x"
"1586","language_use_other_5.x"
"1587","language_use_eng_12.x"
"1588","language_use_eng_4.x"
"1589","language_use_esp_12.x"
"1590","language_use_esp_14.x"
"1591","language_use_esp_3.x"
"1592","language_use_esp_9.x"
"1593","language_use_other_14.x"
"1594","language_use_eng_14.x"
"1595","language_use_esp_10.x"
"1596","language_use_esp_11.x"
"1597","language_use_esp_2.x"
"1598","language_use_esp_4.x"
"1599","language_use_other_8.x"
"1600","language_use_eng_1.x"
"1601","language_use_eng_10.x"
"1602","language_use_eng_3.x"
"1603","language_use_eng_9.x"
"1604","language_use_esp_5.x"
"1605","language_use_other_9.x"
"1606","language_use_other_7.x"
"1607","code_switch_family_esp.x"
"1608","code_switch_family_freq.x"
"1609","code_switch_friends_freq.x"
"1610","code_switch_friends_oth.x"
"1611","code_switch_work_oth.x"
"1612","code_switch_family_eng.x"
"1613","code_switch_family_oth.x"
"1614","code_switch_friends_esp.x"
"1615","code_switch_work_esp.x"
"1616","code_switch_work_eng.x"
"1617","code_switch_work_freq.x"
"1618","code_switch_write_eng.x"
"1619","code_switch_friends_eng.x"
"1620","code_switch_write_freq.x"
"1621","code_switch_write_oth.x"
"1622","code_switch_write_esp.x"
"1623","auditory_1.x"
"1624","visual_1.x"
"1625","auditory_3.x"
"1626","visual_3.x"
"1627","auditory_2.x"
"1628","visual_2.x"
"1629","med_aduhelm.x"
"1630","med_aduhelm_dose.x"
"1631","med_aricept_duration.x"
"1632","med_aricept_frequency.x"
"1633","med_aricept_start_date.x"
"1634","med_exelon.x"
"1635","med_exelon_duration.x"
"1636","med_namenda_dose.x"
"1637","med_namzaric_frequency.x"
"1638","med_razadyne_dose.x"
"1639","med_razadyne_frequency.x"
"1640","med_aduhelm_start_date.x"
"1641","med_aricept.x"
"1642","med_namenda_duration.x"
"1643","med_namzaric_dose.x"
"1644","med_namzaric_start_date.x"
"1645","med_razadyne.x"
"1646","med_aduhelm_duration.x"
"1647","med_exelon_frequency.x"
"1648","med_namzaric_duration.x"
"1649","med_exelon_dose.x"
"1650","med_namenda.x"
"1651","med_namenda_start_date.x"
"1652","med_razadyne_start_date.x"
"1653","med_namenda_frequency.x"
"1654","med_namzaric.x"
"1655","med_aduhelm_frequency.x"
"1656","med_aricept_dose.x"
"1657","med_exelon_start_date.x"
"1658","med_razadyne_duration.x"
"1659","family_history_deceased_relative.x"
"1660","family_history_firstdegree.x"
"1661","family_history_you_apoe4carrier.x"
"1662","imh_dementia_due_parkinsons.x"
"1663","imh_ftd.x"
"1664","imh_parkinsons_age.x"
"1665","imh_dementia_due_parkinsons_age.x"
"1666","imh_dementia_other_1.x"
"1667","imh_dementia_other_1age.x"
"1668","imh_va_d.x"
"1669","imh_lewybodies_age.x"
"1670","imh_ftd_age.x"
"1671","imh_lewybodies.x"
"1672","imh_parkinsons.x"
"1673","imh_va_d_age.x"
"1674","imh_dementia_other_1type.x"
"1675","X.y"
"1676","ethnicity.y"
"1677","age"
"1678","id_gender.y"
"1679","id_education.y"
"1680","interview_date"
"1681","interview_language.y"
"1682","interview_site.y"
"1683","interview_site_other.y"
"1684","interview_complete.y"
"1685","ici_time_at_place_years.y"
"1686","ici_address_validated.y"
"1687","ici_time_at_place_months.y"
"1688","ici_time_at_place.y"
"1689","id_marital_status.y"
"1690","id_race_white.y"
"1691","id_race_black.y"
"1692","id_race_indian_alaska.y"
"1693","id_race_asian.y"
"1694","id_race_japanese.y"
"1695","id_race_korean.y"
"1696","id_race_vietnamese.y"
"1697","id_race_native_hawaiian.y"
"1698","id_race_guam_chamorro.y"
"1699","id_race_samoan.y"
"1700","id_race_other_pacific.y"
"1701","id_race_other.y"
"1702","id_race_specify.y"
"1703","id_race_specify_amer_ind_tribe.y"
"1704","id_race_specify_asian_race.y"
"1705","id_race_specify_other_pacific_race.y"
"1706","id_hispanic.y"
"1707","id_hispanic_other.y"
"1708","om_time1.y"
"1709","om_pulse1.y"
"1710","om_bp1_sys.y"
"1711","om_bp1_dia.y"
"1712","id_language_primary.y"
"1713","id_language_primary_r.y"
"1714","id_language_primary_w.y"
"1715","id_language_secondary_speak.y"
"1716","id_language_secondary.y"
"1717","id_language_secondary_other.y"
"1718","id_language_secondary_r.y"
"1719","id_language_secondary_w.y"
"1720","sash_1.y"
"1721","sash_2.y"
"1722","sash_3.y"
"1723","sash_4.y"
"1724","sash_5.y"
"1725","sash_total.y"
"1726","id_residence.y"
"1727","id_u_slive.y"
"1728","id_education_high_school.y"
"1729","id_education_degree.y"
"1730","id_income.y"
"1731","id_retire.y"
"1732","id_retire_years.y"
"1733","id_job_retire.y"
"1734","id_job.y"
"1735","health_status.y"
"1736","hc_insurance_private.y"
"1737","hc_insurance_medicaid.y"
"1738","hc_insurance_medicare.y"
"1739","hc_insurance_other.y"
"1740","hc_insurance_no_insurance.y"
"1741","hc_insurance_other_spec.y"
"1742","hc_pcp.y"
"1743","hc_12month.y"
"1744","hc_last_exam.y"
"1745","da_aware.y"
"1746","dsq_onset.y"
"1747","dsq_meds.y"
"1748","dsq_treatment_oral_medication.y"
"1749","dsq_treatment_insulin.y"
"1750","dsq_treatment_diet.y"
"1751","dsq_treatment_other.y"
"1752","dsq_treatment_other_specify.y"
"1753","acd_eating_habits.y"
"1754","acd_exercising.y"
"1755","acd_dr_eat.y"
"1756","acd_dr_exercise.y"
"1757","acd_dr_meds.y"
"1758","acd_dr_weight.y"
"1759","cdp_myocardial.y"
"1760","cdp_heart_disease.y"
"1761","cdp_stroke.y"
"1762","cdp_mini_stroke.y"
"1763","in_seizure.y"
"1764","in_seizures_count.y"
"1765","in_seizures_most_recent.y"
"1766","in_seizures_first.y"
"1767","in_seizure_alcohol.y"
"1768","in_seizure_withdrawal.y"
"1769","dementia.y"
"1770","dementia_type.y"
"1771","dementia_55.y"
"1772","dementia_55a.y"
"1773","pswq_1.y"
"1774","pswq_2.y"
"1775","pswq_3.y"
"1776","pswq_4.y"
"1777","pswq_5.y"
"1778","pswq_6.y"
"1779","pswq_7.y"
"1780","pswq_8.y"
"1781","pswq_9.y"
"1782","pswq_10.y"
"1783","pswq_11.y"
"1784","pswq_12.y"
"1785","pswq_13.y"
"1786","pswq_14.y"
"1787","pswq_15.y"
"1788","pswq_16.y"
"1789","pswq_total.y"
"1790","smoke_currently.y"
"1791","smoke_yes_begin.y"
"1792","smoke_yes_per_day.y"
"1793","smoke_ever.y"
"1794","substance_use_smoke_begin_age.y"
"1795","substance_use_smoke_end_age.y"
"1796","smoke_ever_per_day.y"
"1797","audit_1.y"
"1798","audit_2.y"
"1799","audit_3.y"
"1800","audit_4.y"
"1801","audit_5.y"
"1802","audit_6.y"
"1803","audit_7.y"
"1804","audit_8.y"
"1805","audit_9.y"
"1806","audit_10.y"
"1807","audit_total.y"
"1808","imh_cancer.y"
"1809","imh_cancer_age.y"
"1810","imh_diabetes.y"
"1811","imh_diabetes_age.y"
"1812","imh_high_bp.y"
"1813","imh_high_bp_age.y"
"1814","imh_high_cholesterol.y"
"1815","imh_high_cholesterol_age.y"
"1816","imh_alzheimers.y"
"1817","imh_alzheimers_age.y"
"1818","imh_heart_attack.y"
"1819","imh_heart_attack_age.y"
"1820","imh_thyroid_disease.y"
"1821","imh_thyroid_disease_age.y"
"1822","imh_kidney_disease.y"
"1823","imh_kidney_disease_age.y"
"1824","imh_stroke.y"
"1825","imh_stroke_age_1.y"
"1826","imh_stroke_age_2.y"
"1827","imh_stroke_age_3.y"
"1828","imh_stroke_age_4.y"
"1829","imh_stroke_age_5.y"
"1830","imh_depression.y"
"1831","imh_depression_age.y"
"1832","imh_anxiety.y"
"1833","imh_anxiety_age.y"
"1834","imh_osteoporosis.y"
"1835","imh_osteoporosis_age.y"
"1836","imh_arthritis.y"
"1837","imh_arthritis_age.y"
"1838","imh_tbi.y"
"1839","imh_tbi_age.y"
"1840","imh_other.y"
"1841","medical_history_1_name.y"
"1842","medical_history_1_onset_age.y"
"1843","medical_history_2_name.y"
"1844","medical_history_2_onset_age.y"
"1845","medical_history_3_name.y"
"1846","medical_history_3_onset_age.y"
"1847","medical_history_4_name.y"
"1848","medical_history_4_onset_age.y"
"1849","medical_history_5_name.y"
"1850","medical_history_5_onset_age.y"
"1851","medical_history_6_name.y"
"1852","medical_history_6_onset_age.y"
"1853","medical_history_7_name.y"
"1854","medical_history_7_onset_age.y"
"1855","medical_history_8_name.y"
"1856","medical_history_8_onset_age.y"
"1857","medical_history_9_name.y"
"1858","medical_history_9_onset_age.y"
"1859","medical_history_10_name.y"
"1860","medical_history_10_onset_age.y"
"1861","iac_alternative2_yes_no.y"
"1862","iac_alternative3_yes_no.y"
"1863","iac_alternative1_relationship_other_relative.y"
"1864","iac_alternative1_yes_no.y"
"1865","iac_alternative2_relationship.y"
"1866","iac_alternative2_relationship_other_relative.y"
"1867","iac_alternative3_relationship.y"
"1868","iac_alternative1_relationship.y"
"1869","iac_alternative3_relationship_other_relative.y"
"1870","iac_relationship.y"
"1871","iac_relationship_other_relative.y"
"1872","osu_tbi_1_3_loc.y"
"1873","osu_tbi_1_4_age.y"
"1874","osu_tbi_2_2_age.y"
"1875","osu_tbi_3_2_cause.y"
"1876","osu_tbi_3_3_age.y"
"1877","osu_tbi_3_5_age.y"
"1878","osu_tbi_3_5_mem_gap.y"
"1879","osu_tbi_4_1_age.y"
"1880","osu_tbi_4_1_loc.y"
"1881","osu_tbi_4_2_age.y"
"1882","osu_tbi_4_5_mem_gap.y"
"1883","osu_tbi_5_1_cause.y"
"1884","osu_tbi_5_2_age.y"
"1885","osu_tbi_5_4_loc.y"
"1886","osu_tbi_5_5_loc.y"
"1887","osu_tbi_1_1_cause.y"
"1888","osu_tbi_1_3_mem_gap.y"
"1889","osu_tbi_1_4_cause.y"
"1890","osu_tbi_1_4_loc.y"
"1891","osu_tbi_1_5_cause.y"
"1892","osu_tbi_2_3_age.y"
"1893","osu_tbi_2_3_cause.y"
"1894","osu_tbi_2_3_mem_gap.y"
"1895","osu_tbi_2_4_age.y"
"1896","osu_tbi_3_1_mem_gap.y"
"1897","osu_tbi_3_2_loc.y"
"1898","osu_tbi_3_2_mem_gap.y"
"1899","osu_tbi_3_4_loc.y"
"1900","osu_tbi_3_5_cause.y"
"1901","osu_tbi_4_3_mem_gap.y"
"1902","osu_tbi_4_5_age.y"
"1903","osu_tbi_4_5_cause.y"
"1904","osu_tbi_5_2_cause.y"
"1905","osu_tbi_5_2_loc.y"
"1906","osu_tbi_5_3_cause.y"
"1907","osu_tbi_5_4_mem_gap.y"
"1908","osu_tbi_5_5_cause.y"
"1909","osu_tbi_1_1_loc.y"
"1910","osu_tbi_1_2_age.y"
"1911","osu_tbi_1_3_age.y"
"1912","osu_tbi_2_1_cause.y"
"1913","osu_tbi_2_4_loc.y"
"1914","osu_tbi_2_5_age.y"
"1915","osu_tbi_2_5_loc.y"
"1916","osu_tbi_3_1_cause.y"
"1917","osu_tbi_3_2_age.y"
"1918","osu_tbi_3_3_cause.y"
"1919","osu_tbi_3_4_cause.y"
"1920","osu_tbi_4_1_cause.y"
"1921","osu_tbi_4_2_loc.y"
"1922","osu_tbi_4_2_mem_gap.y"
"1923","osu_tbi_4_3_age.y"
"1924","osu_tbi_4_3_cause.y"
"1925","osu_tbi_4_4_cause.y"
"1926","osu_tbi_5_1_age.y"
"1927","osu_tbi_5_3_loc.y"
"1928","osu_tbi_5_3_mem_gap.y"
"1929","osu_tbi_5_5_age.y"
"1930","osu_tbi_1_1_age.y"
"1931","osu_tbi_1_1_mem_gap.y"
"1932","osu_tbi_1_5_loc.y"
"1933","osu_tbi_1_5_mem_gap.y"
"1934","osu_tbi_2_2_loc.y"
"1935","osu_tbi_2_2_mem_gap.y"
"1936","osu_tbi_2_3_loc.y"
"1937","osu_tbi_3_1_age.y"
"1938","osu_tbi_3_5_loc.y"
"1939","osu_tbi_4_2_cause.y"
"1940","osu_tbi_4_4_mem_gap.y"
"1941","osu_tbi_5_1_loc.y"
"1942","osu_tbi_5_2_mem_gap.y"
"1943","osu_tbi_1_2_cause.y"
"1944","osu_tbi_1_2_loc.y"
"1945","osu_tbi_1_2_mem_gap.y"
"1946","osu_tbi_1_3_cause.y"
"1947","osu_tbi_1_5_age.y"
"1948","osu_tbi_2_1_age.y"
"1949","osu_tbi_2_2_cause.y"
"1950","osu_tbi_2_4_cause.y"
"1951","osu_tbi_3_3_loc.y"
"1952","osu_tbi_3_4_age.y"
"1953","osu_tbi_3_4_mem_gap.y"
"1954","osu_tbi_4_4_loc.y"
"1955","osu_tbi_5_4_age.y"
"1956","osu_tbi_1_4_mem_gap.y"
"1957","osu_tbi_2_1_loc.y"
"1958","osu_tbi_2_1_mem_gap.y"
"1959","osu_tbi_2_4_mem_gap.y"
"1960","osu_tbi_2_5_cause.y"
"1961","osu_tbi_2_5_mem_gap.y"
"1962","osu_tbi_3_1_loc.y"
"1963","osu_tbi_3_3_mem_gap.y"
"1964","osu_tbi_4_1_mem_gap.y"
"1965","osu_tbi_4_3_loc.y"
"1966","osu_tbi_4_4_age.y"
"1967","osu_tbi_4_5_loc.y"
"1968","osu_tbi_5_1_mem_gap.y"
"1969","osu_tbi_5_3_age.y"
"1970","osu_tbi_5_4_cause.y"
"1971","osu_tbi_5_5_mem_gap.y"
"1972","osu_tbi_1.y"
"1973","osu_tbi_2.y"
"1974","osu_tbi_3.y"
"1975","osu_tbi_4.y"
"1976","osu_tbi_5.y"
"1977","osu_tbi_more_injuries.y"
"1978","osu_tbi_repeated_cause.y"
"1979","osu_tbi_repeated_cause_specify.y"
"1980","osu_tbi_repeated_typical_effect.y"
"1981","osu_tbi_repeated_severe_effect.y"
"1982","osu_tbi_repeated_age_b.y"
"1983","osu_tbi_repeated_age_e.y"
"1984","osu_tbi_more_injuries_count.y"
"1985","osu_tbi_more_injuries_longest_knocked_out.y"
"1986","osu_tbi_more_injuries_knocked_out_times.y"
"1987","osu_tbi_more_injuries_age.y"
"1988","smc_1.y"
"1989","smc_2.y"
"1990","smc_3.y"
"1991","smc_4.y"
"1992","smc_5.y"
"1993","smc_6.y"
"1994","smc_7.y"
"1995","smc_8.y"
"1996","smc_9.y"
"1997","smc_10.y"
"1998","smc_11.y"
"1999","smc_12.y"
"2000","smc_13.y"
"2001","smc_14.y"
"2002","smc_total.y"
"2003","social_support_1.y"
"2004","social_support_2.y"
"2005","social_support_3.y"
"2006","social_support_4.y"
"2007","social_support_5.y"
"2008","social_support_6.y"
"2009","social_support_7.y"
"2010","social_support_8.y"
"2011","social_support_9.y"
"2012","social_support_10.y"
"2013","social_support_11.y"
"2014","social_support_12.y"
"2015","social_support_total.y"
"2016","chronic_stress_1.y"
"2017","chronic_stress_1a.y"
"2018","chronic_stress_1b.y"
"2019","chronic_stress_2.y"
"2020","chronic_stress_2a.y"
"2021","chronic_stress_2b.y"
"2022","chronic_stress_3.y"
"2023","chronic_stress_3a.y"
"2024","chronic_stress_3b.y"
"2025","chronic_stress_4.y"
"2026","chronic_stress_4a.y"
"2027","chronic_stress_4b.y"
"2028","chronic_stress_5.y"
"2029","chronic_stress_5a.y"
"2030","chronic_stress_5b.y"
"2031","chronic_stress_6.y"
"2032","chronic_stress_6a.y"
"2033","chronic_stress_6b.y"
"2034","chronic_stress_7.y"
"2035","chronic_stress_7a.y"
"2036","chronic_stress_7b.y"
"2037","chronic_stress_8.y"
"2038","chronic_stress_8a.y"
"2039","chronic_stress_8b.y"
"2040","chronic_stress_8c.y"
"2041","chronic_stress_total.y"
"2042","om_time2.y"
"2043","om_bp2_sys.y"
"2044","om_bp2_dia.y"
"2045","om_pulse2.y"
"2046","om_ab_circumference.y"
"2047","om_height.y"
"2048","om_weight.y"
"2049","om_bmi.y"
"2050","taking_medications.y"
"2051","medication_1_name.y"
"2052","medication_1_dosage.y"
"2053","medication_1_dosage_units.y"
"2054","medication_1_frequency.y"
"2055","medication_1_frequency_units.y"
"2056","medication_2_name.y"
"2057","medication_2_dosage.y"
"2058","medication_2_dosage_units.y"
"2059","medication_2_frequency.y"
"2060","medication_2_frequency_units.y"
"2061","medication_3_name.y"
"2062","medication_3_dosage.y"
"2063","medication_3_dosage_units.y"
"2064","medication_3_frequency.y"
"2065","medication_3_frequency_units.y"
"2066","medication_4_name.y"
"2067","medication_4_dosage.y"
"2068","medication_4_dosage_units.y"
"2069","medication_4_frequency.y"
"2070","medication_4_frequency_units.y"
"2071","medication_5_name.y"
"2072","medication_5_dosage.y"
"2073","medication_5_dosage_units.y"
"2074","medication_5_frequency.y"
"2075","medication_5_frequency_units.y"
"2076","medication_6_name.y"
"2077","medication_6_dosage.y"
"2078","medication_6_dosage_units.y"
"2079","medication_6_frequency.y"
"2080","medication_6_frequency_units.y"
"2081","medication_7_name.y"
"2082","medication_7_dosage.y"
"2083","medication_7_dosage_units.y"
"2084","medication_7_frequency.y"
"2085","medication_7_frequency_units.y"
"2086","medication_8_name.y"
"2087","medication_8_dosage.y"
"2088","medication_8_dosage_units.y"
"2089","medication_8_frequency.y"
"2090","medication_8_frequency_units.y"
"2091","medication_9_name.y"
"2092","medication_9_dosage.y"
"2093","medication_9_dosage_units.y"
"2094","medication_9_frequency.y"
"2095","medication_9_frequency_units.y"
"2096","medication_10_name.y"
"2097","medication_10_dosage.y"
"2098","medication_10_dosage_units.y"
"2099","medication_10_frequency.y"
"2100","medication_10_frequency_units.y"
"2101","medication_11_name.y"
"2102","medication_11_dosage.y"
"2103","medication_11_dosage_units.y"
"2104","medication_11_frequency.y"
"2105","medication_11_frequency_units.y"
"2106","medication_12_name.y"
"2107","medication_12_dosage.y"
"2108","medication_12_dosage_units.y"
"2109","medication_12_frequency.y"
"2110","medication_12_frequency_units.y"
"2111","medication_13_name.y"
"2112","medication_13_dosage.y"
"2113","medication_13_dosage_units.y"
"2114","medication_13_frequency.y"
"2115","medication_13_frequency_units.y"
"2116","medication_14_name.y"
"2117","medication_14_dosage.y"
"2118","medication_14_dosage_units.y"
"2119","medication_14_frequency.y"
"2120","medication_14_frequency_units.y"
"2121","medication_15_name.y"
"2122","medication_15_dosage.y"
"2123","medication_15_dosage_units.y"
"2124","medication_15_frequency.y"
"2125","medication_15_frequency_units.y"
"2126","medication_16_name.y"
"2127","medication_16_dosage.y"
"2128","medication_16_dosage_units.y"
"2129","medication_16_frequency.y"
"2130","medication_16_frequency_units.y"
"2131","medication_17_name.y"
"2132","medication_17_dosage.y"
"2133","medication_17_dosage_units.y"
"2134","medication_17_frequency.y"
"2135","medication_17_frequency_units.y"
"2136","medication_18_name.y"
"2137","medication_18_dosage.y"
"2138","medication_18_dosage_units.y"
"2139","medication_18_frequency.y"
"2140","medication_18_frequency_units.y"
"2141","medication_19_name.y"
"2142","medication_19_dosage.y"
"2143","medication_19_dosage_units.y"
"2144","medication_19_frequency.y"
"2145","medication_19_frequency_units.y"
"2146","medication_20_name.y"
"2147","medication_20_dosage.y"
"2148","medication_20_dosage_units.y"
"2149","medication_20_frequency.y"
"2150","medication_20_frequency_units.y"
"2151","medication_21_name.y"
"2152","medication_21_dosage.y"
"2153","medication_21_dosage_units.y"
"2154","medication_21_frequency.y"
"2155","medication_21_frequency_units.y"
"2156","medication_22_name.y"
"2157","medication_22_dosage.y"
"2158","medication_22_dosage_units.y"
"2159","medication_22_frequency.y"
"2160","medication_22_frequency_units.y"
"2161","medication_23_name.y"
"2162","medication_23_dosage.y"
"2163","medication_23_dosage_units.y"
"2164","medication_23_frequency.y"
"2165","medication_23_frequency_units.y"
"2166","medication_24_name.y"
"2167","medication_24_dosage.y"
"2168","medication_24_dosage_units.y"
"2169","medication_24_frequency.y"
"2170","medication_24_frequency_units.y"
"2171","medication_25_name.y"
"2172","medication_25_dosage.y"
"2173","medication_25_dosage_units.y"
"2174","medication_25_frequency.y"
"2175","medication_25_frequency_units.y"
"2176","informant_contacted.y"
"2177","informant_yob.y"
"2178","informant_sex.y"
"2179","informant_race_white.y"
"2180","informant_race_black.y"
"2181","informant_race_indian_alaska.y"
"2182","informant_race_asian.y"
"2183","informant_race_japanese.y"
"2184","informant_race_korean.y"
"2185","informant_race_vietnamese.y"
"2186","informant_race_native_hawaiian.y"
"2187","informant_race_guam_chamorro.y"
"2188","informant_race_samoan.y"
"2189","informant_race_other_pacific.y"
"2190","informant_race_other.y"
"2191","informant_race_specify.y"
"2192","informant_race_specify_amer_ind_tribe.y"
"2193","informant_race_specify_asian_race.y"
"2194","informant_race_specify_other_pacific_race.y"
"2195","informant_origin_hls.y"
"2196","inf_hispanic_other.y"
"2197","informant_education_level.y"
"2198","informant_subject_relationship.y"
"2199","informant_subject_relationship_other.y"
"2200","informant_live_with.y"
"2201","informant_live_with_yes.y"
"2202","informant_live_with_no_visit.y"
"2203","informant_live_with_no_calls.y"
"2204","cdr_m_memory.y"
"2205","cdr_m_memory_examples.y"
"2206","cdr_m_consistent.y"
"2207","cdr_m_recent_events.y"
"2208","cdr_m_short_list.y"
"2209","cdr_m_past_year_decline.y"
"2210","cdr_m_previous_activity_impaired.y"
"2211","cdr_m_major_event.y"
"2212","cdr_m_major_event_details.y"
"2213","cdr_m_distant_past.y"
"2214","cdr_m_last_week.y"
"2215","cdr_m_last_month.y"
"2216","cdr_o_date.y"
"2217","cdr_o_time.y"
"2218","cdr_o_familiar_streets.y"
"2219","cdr_o_unfamiliar_streets.y"
"2220","cdr_o_familiar_indoors.y"
"2221","cdr_j_problem_solving.y"
"2222","cdr_j_simple_money.y"
"2223","cdr_j_complex_money.y"
"2224","cdr_j_house_emergency.y"
"2225","cdr_j_house_emergency_comment.y"
"2226","cdr_j_understand_explanations.y"
"2227","cdr_j_social_behavior.y"
"2228","cdr_ca_drive_ever.y"
"2229","cdr_ca_drive.y"
"2230","cdr_ca_drive_no.y"
"2231","cdr_ca_drive_risks.y"
"2232","cdr_ca_shop.y"
"2233","cdr_ca_activities.y"
"2234","cdr_ca_functions.y"
"2235","cdr_ca_no_functions.y"
"2236","cdr_ca_observer.y"
"2237","cdr_ca_nursing_home_social.y"
"2238","cdr_ca_working_diff.y"
"2239","cdr_ca_retired_diff.y"
"2240","cdr_hh_chores.y"
"2241","cdr_hh_chores_do_well.y"
"2242","cdr_hh_hobbies.y"
"2243","cdr_hh_hobbies_do_well.y"
"2244","cdr_hh_nursing_home_not_do_well.y"
"2245","cdr_hh_household_tasks.y"
"2246","cdr_hh_household_tasks_describe.y"
"2247","cdr_hh_household_level.y"
"2248","cdr_pc_dressing.y"
"2249","cdr_pc_grooming.y"
"2250","cdr_pc_eating_habits.y"
"2251","cdr_pc_sphincter_control.y"
"2252","informant_reliability.y"
"2253","informant_reliability_comments.y"
"2254","ped_1_a.y"
"2255","ped_1_a_duration_months.y"
"2256","ped_1_a_duration_years.y"
"2257","ped_1_b.y"
"2258","ped_1_b_duration_months.y"
"2259","ped_1_b_duration_years.y"
"2260","ped_1_c_1.y"
"2261","ped_1_c_1_duration_months.y"
"2262","ped_1_c_1_duration_years.y"
"2263","ped_1_c_2.y"
"2264","ped_1_c_2_duration_months.y"
"2265","ped_1_c_2_duration_years.y"
"2266","ped_1_c_3.y"
"2267","ped_1_c_3_duration_months.y"
"2268","ped_1_c_3_duration_years.y"
"2269","ped_1_d.y"
"2270","ped_1_d_duration_months.y"
"2271","ped_1_d_duration_years.y"
"2272","ped_1_e.y"
"2273","ped_1_e_duration_months.y"
"2274","ped_1_e_duration_years.y"
"2275","ped_2_a.y"
"2276","ped_2_a_duration_months.y"
"2277","ped_2_a_duration_years.y"
"2278","ped_2_b.y"
"2279","ped_2_b_duration_months.y"
"2280","ped_2_b_duration_years.y"
"2281","ped_2_c.y"
"2282","ped_2_c_duration_months.y"
"2283","ped_2_c_duration_years.y"
"2284","ped_2_d.y"
"2285","ped_2_d_duration_months.y"
"2286","ped_2_d_duration_years.y"
"2287","ped_2_e.y"
"2288","ped_2_e_duration_months.y"
"2289","ped_2_e_duration_years.y"
"2290","ped_2_f.y"
"2291","ped_2_f_duration_months.y"
"2292","ped_2_f_duration_years.y"
"2293","ped_3_a.y"
"2294","ped_3_a_duration_months.y"
"2295","ped_3_a_duration_years.y"
"2296","ped_3_b.y"
"2297","ped_3_b_duration_months.y"
"2298","ped_3_b_duration_years.y"
"2299","ped_3_c.y"
"2300","ped_3_c_duration_months.y"
"2301","ped_3_c_duration_years.y"
"2302","ped_3_d.y"
"2303","ped_3_d_duration_months.y"
"2304","ped_3_d_duration_years.y"
"2305","ped_3_e.y"
"2306","ped_3_e_duration_months.y"
"2307","ped_3_e_duration_years.y"
"2308","ped_3_f.y"
"2309","ped_3_f_duration_months.y"
"2310","ped_3_f_duration_years.y"
"2311","ped_4_a.y"
"2312","ped_4_a_duration_months.y"
"2313","ped_4_a_duration_years.y"
"2314","ped_4_b.y"
"2315","ped_4_b_duration_months.y"
"2316","ped_4_b_duration_years.y"
"2317","ped_4_c.y"
"2318","ped_4_c_duration_months.y"
"2319","ped_4_c_duration_years.y"
"2320","ped_4_d.y"
"2321","ped_4_d_duration_months.y"
"2322","ped_4_d_duration_years.y"
"2323","ped_4_e.y"
"2324","ped_4_e_duration_months.y"
"2325","ped_4_e_duration_years.y"
"2326","ped_4_f.y"
"2327","ped_4_f_duration_months.y"
"2328","ped_4_f_duration_years.y"
"2329","ped_4_g.y"
"2330","ped_4_g_duration_months.y"
"2331","ped_4_g_duration_years.y"
"2332","ped_4_h_other.y"
"2333","ped_4_h_other_specify.y"
"2334","ped_4_h_other_duration_months.y"
"2335","ped_4_h_other_duration_years.y"
"2336","ped_4_i.y"
"2337","ped_4_i_duration_months.y"
"2338","ped_4_i_duration_years.y"
"2339","ped_5_a.y"
"2340","ped_5_a_duration_months.y"
"2341","ped_5_a_duration_years.y"
"2342","ped_5_b.y"
"2343","ped_5_b_duration_months.y"
"2344","ped_5_b_duration_years.y"
"2345","ped_5_c.y"
"2346","ped_5_c_duration_months.y"
"2347","ped_5_c_duration_years.y"
"2348","tug_time.y"
"2349","tug_observations_slow.y"
"2350","tug_observations_loss.y"
"2351","tug_observations_short_strides.y"
"2352","tug_observations_little.y"
"2353","tug_observations_steadying_self.y"
"2354","tug_observations_shuffling.y"
"2355","tug_observations_en_bloc.y"
"2356","tug_observations_not_using.y"
"2357","side_by_side_stand.y"
"2358","side_by_side_less10.y"
"2359","semi_tandem_stand.y"
"2360","semi_tandem_stand_less10.y"
"2361","tandem_stand.y"
"2362","tandem_stand_less10.y"
"2363","total_balance_tests_score.y"
"2364","balance_did_not_attempt_failed.y"
"2365","balance_other_specifications.y"
"2366","balance_comments.y"
"2367","gait_speed_course_length.y"
"2368","gait_speed_time_trial_1.y"
"2369","gait_speed_failure_1.y"
"2370","gait_speed_failure_1_other_specifications.y"
"2371","aids_for_first_walk.y"
"2372","gait_speed_comments.y"
"2373","gait_speed_time_trial_2.y"
"2374","gait_speed_failure_2.y"
"2375","gait_speed_failure_2_other_specifications.y"
"2376","aids_for_second_walk.y"
"2377","gait_speed_time_shorter_of_two.y"
"2378","gait_speed_time_one_walk.y"
"2379","total_gait_speed_score.y"
"2380","single_chair_stand_safe_to_stand.y"
"2381","single_chair_stand_safe_results.y"
"2382","single_chair_stand_failed.y"
"2383","single_chair_stand_other_specifications.y"
"2384","repeated_chair_stand_test_safe.y"
"2385","repeated_chair_stand_time.y"
"2386","repeated_chair_stand_failed.y"
"2387","repeated_chair_stand_other_specifications.y"
"2388","total_repeated_chair_stand.y"
"2389","total_score_sppb.y"
"2390","sevlt_t5_notes.y"
"2391","sevlt_t1_notes.y"
"2392","sevlt_t1_cabbage_or_repollo.y"
"2393","sevlt_t1_ladle_or_cucharon.y"
"2394","sevlt_t1_coffee_or_cafe.y"
"2395","sevlt_t1_beets_or_remolachas.y"
"2396","sevlt_t1_dictionary_or_diccionario.y"
"2397","sevlt_t1_cocoa_or_cacao.y"
"2398","sevlt_t1_beans_or_frijoles.y"
"2399","sevlt_t1_strainer_or_coladera.y"
"2400","sevlt_t1_oranges_or_naranjas.y"
"2401","sevlt_t1_corn_or_maiz.y"
"2402","sevlt_t1_newspaper_or_periodico.y"
"2403","sevlt_t1_juice_or_jugo.y"
"2404","sevlt_t1_asparagus_or_esparrago.y"
"2405","sevlt_t1_pan_or_olla.y"
"2406","sevlt_t1_tea_or_te.y"
"2407","sevlt_t2_cabbage_or_repollo.y"
"2408","sevlt_t2_ladle_or_cucharon.y"
"2409","sevlt_t2_coffee_or_cafe.y"
"2410","sevlt_t2_beets_or_remolachas.y"
"2411","sevlt_t2_dictionary_or_diccionario.y"
"2412","sevlt_t2_cocoa_or_cacao.y"
"2413","sevlt_t2_beans_or_frijoles.y"
"2414","sevlt_t2_strainer_or_coladera.y"
"2415","sevlt_t2_oranges_or_naranjas.y"
"2416","sevlt_t2_corn_or_maiz.y"
"2417","sevlt_t2_newspaper_or_periodico.y"
"2418","sevlt_t2_juice_or_jugo.y"
"2419","sevlt_t2_asparagus_or_esparrago.y"
"2420","sevlt_t2_pan_or_olla.y"
"2421","sevlt_t2_tea_or_te.y"
"2422","sevlt_t3_cabbage_or_repollo.y"
"2423","sevlt_t3_ladle_or_cucharon.y"
"2424","sevlt_t3_coffee_or_cafe.y"
"2425","sevlt_t3_beets_or_remolachas.y"
"2426","sevlt_t3_dictionary_or_diccionario.y"
"2427","sevlt_t3_cocoa_or_cacao.y"
"2428","sevlt_t3_beans_or_frijoles.y"
"2429","sevlt_t3_strainer_or_coladera.y"
"2430","sevlt_t3_oranges_or_naranjas.y"
"2431","sevlt_t3_corn_or_maiz.y"
"2432","sevlt_t3_newspaper_or_periodico.y"
"2433","sevlt_t3_juice_or_jugo.y"
"2434","sevlt_t3_asparagus_or_esparrago.y"
"2435","sevlt_t3_pan_or_olla.y"
"2436","sevlt_t3_tea_or_te.y"
"2437","sevlt_t5_cabbage_or_repollo.y"
"2438","sevlt_t5_ladle_or_cucharon.y"
"2439","sevlt_t5_coffee_or_cafe.y"
"2440","sevlt_t5_beets_or_remolachas.y"
"2441","sevlt_t5_dictionary_or_diccionario.y"
"2442","sevlt_t5_cocoa_or_cacao.y"
"2443","sevlt_t5_beans_or_frijoles.y"
"2444","sevlt_t5_strainer_or_coladera.y"
"2445","sevlt_t5_oranges_or_naranjas.y"
"2446","sevlt_t5_corn_or_maiz.y"
"2447","sevlt_t5_newspaper_or_periodico.y"
"2448","sevlt_t5_juice_or_jugo.y"
"2449","sevlt_t5_asparagus_or_esparrago.y"
"2450","sevlt_t5_pan_or_olla.y"
"2451","sevlt_t5_tea_or_te.y"
"2452","sevlt_dr_cabbage_or_repollo.y"
"2453","sevlt_dr_ladle_or_cucharon.y"
"2454","sevlt_dr_coffee_or_cafe.y"
"2455","sevlt_dr_beets_or_remolachas.y"
"2456","sevlt_dr_dictionary_or_diccionario.y"
"2457","sevlt_dr_cocoa_or_cacao.y"
"2458","sevlt_dr_beans_or_frijoles.y"
"2459","sevlt_dr_strainer_or_coladera.y"
"2460","sevlt_dr_oranges_or_naranjas.y"
"2461","sevlt_dr_corn_or_maiz.y"
"2462","sevlt_dr_newspaper_or_periodico.y"
"2463","sevlt_dr_juice_or_jugo.y"
"2464","sevlt_dr_asparagus_or_esparrago.y"
"2465","sevlt_dr_pan_or_olla.y"
"2466","sevlt_dr_tea_or_te.y"
"2467","sevlt_t1_total.y"
"2468","sevlt_t2_total.y"
"2469","sevlt_t3_total.y"
"2470","sevlt_t5_total.y"
"2471","sevlt_t1235_total.y"
"2472","sevlt_t1235_z_score.y"
"2473","sevlt_dr_total.y"
"2474","sevlt_dr_z_score.y"
"2475","amnart_notes.y"
"2476","cdr_memory.y"
"2477","cdr_orientation.y"
"2478","cdr_judgement.y"
"2479","cdr_community_affairs.y"
"2480","cdr_homeand_hobbies.y"
"2481","cdr_personal_care.y"
"2482","cdr_sum.y"
"2483","cdr_global.y"
"2484","ped_total.y"
"2485","cdx_cog.y"
"2486","cdx_scc.y"
"2487","clinician_qc_override_cdx_cog.y"
"2488","bw_egfr.y"
"2489","cdx_ir.y"
"2490","cdx_irpm.y"
"2491","cdx_ipm.y"
"2492","rapa_1_1.y"
"2493","rapa_1_2.y"
"2494","rapa_1_3.y"
"2495","rapa_1_4.y"
"2496","rapa_1_5.y"
"2497","rapa_1_6.y"
"2498","rapa_1_7.y"
"2499","rapa_1_total.y"
"2500","rapa_2_1.y"
"2501","rapa_2_2.y"
"2502","rapa_2_total.y"
"2503","cancer_history.y"
"2504","cancer_breast_1.y"
"2505","cancer_breast_2.y"
"2506","cancer_breast_3.y"
"2507","cancer_breast_4.y"
"2508","cancer_breast_5.y"
"2509","cancer_breast_6.y"
"2510","cancer_breast_7.y"
"2511","cancer_breast_8.y"
"2512","cancer_breast_9.y"
"2513","cancer_breast_10.y"
"2514","cancer_prostate_1.y"
"2515","cancer_prostate_2.y"
"2516","cancer_prostate_3.y"
"2517","cancer_prostate_4.y"
"2518","cancer_prostate_5.y"
"2519","cancer_prostate_6.y"
"2520","cancer_prostate_7.y"
"2521","cancer_prostate_8.y"
"2522","cancer_prostate_9.y"
"2523","cancer_prostate_10.y"
"2524","cancer_lung_1.y"
"2525","cancer_lung_2.y"
"2526","cancer_lung_3.y"
"2527","cancer_lung_4.y"
"2528","cancer_lung_5.y"
"2529","cancer_lung_6.y"
"2530","cancer_lung_7.y"
"2531","cancer_lung_8.y"
"2532","cancer_lung_9.y"
"2533","cancer_lung_10.y"
"2534","cancer_leukemia_1.y"
"2535","cancer_leukemia_2.y"
"2536","cancer_leukemia_3.y"
"2537","cancer_leukemia_4.y"
"2538","cancer_leukemia_5.y"
"2539","cancer_leukemia_6.y"
"2540","cancer_leukemia_7.y"
"2541","cancer_leukemia_8.y"
"2542","cancer_leukemia_9.y"
"2543","cancer_leukemia_10.y"
"2544","cancer_pancreas_1.y"
"2545","cancer_pancreas_2.y"
"2546","cancer_pancreas_3.y"
"2547","cancer_pancreas_4.y"
"2548","cancer_pancreas_5.y"
"2549","cancer_pancreas_6.y"
"2550","cancer_pancreas_7.y"
"2551","cancer_pancreas_8.y"
"2552","cancer_pancreas_9.y"
"2553","cancer_pancreas_10.y"
"2554","cancer_colon_1.y"
"2555","cancer_colon_2.y"
"2556","cancer_colon_3.y"
"2557","cancer_colon_4.y"
"2558","cancer_colon_5.y"
"2559","cancer_colon_6.y"
"2560","cancer_colon_7.y"
"2561","cancer_colon_8.y"
"2562","cancer_colon_9.y"
"2563","cancer_colon_10.y"
"2564","cancer_non_hodgkin_1.y"
"2565","cancer_non_hodgkin_2.y"
"2566","cancer_non_hodgkin_3.y"
"2567","cancer_non_hodgkin_4.y"
"2568","cancer_non_hodgkin_5.y"
"2569","cancer_non_hodgkin_6.y"
"2570","cancer_non_hodgkin_7.y"
"2571","cancer_non_hodgkin_8.y"
"2572","cancer_non_hodgkin_9.y"
"2573","cancer_non_hodgkin_10.y"
"2574","cancer_thyroid_1.y"
"2575","cancer_thyroid_2.y"
"2576","cancer_thyroid_3.y"
"2577","cancer_thyroid_4.y"
"2578","cancer_thyroid_5.y"
"2579","cancer_thyroid_6.y"
"2580","cancer_thyroid_7.y"
"2581","cancer_thyroid_8.y"
"2582","cancer_thyroid_9.y"
"2583","cancer_thyroid_10.y"
"2584","cancer_siblings.y"
"2585","cancer_siblings_history.y"
"2586","cancer_history_mother.y"
"2587","cancer_history_father.y"
"2588","vfq.y"
"2589","vfq_yes.y"
"2590","vfq_1.y"
"2591","vfq_2.y"
"2592","vfq_3.y"
"2593","vfq_4.y"
"2594","vfq_5.y"
"2595","vfq_6.y"
"2596","vfq_7.y"
"2597","vfq_8.y"
"2598","vfq_9.y"
"2599","vfq_10.y"
"2600","vfq_11.y"
"2601","vfq_12.y"
"2602","vfq_13.y"
"2603","vfq_14.y"
"2604","vfq_15.y"
"2605","vfq_15a.y"
"2606","vfq_15b.y"
"2607","vfq_15c.y"
"2608","vfq_16.y"
"2609","vfq_16a.y"
"2610","vfq_17.y"
"2611","vfq_18.y"
"2612","vfq_19.y"
"2613","vfq_20.y"
"2614","vfq_21.y"
"2615","vfq_22.y"
"2616","vfq_23.y"
"2617","vfq_24.y"
"2618","vfq_25.y"
"2619","womens_health_1.y"
"2620","womens_health_2.y"
"2621","womens_health_2_therapy.y"
"2622","womens_health_2_other.y"
"2623","womens_health_3.y"
"2624","womens_health_4.y"
"2625","womens_health_5.y"
"2626","womens_health_6.y"
"2627","womens_health_7.y"
"2628","womens_health_8.y"
"2629","womens_health_9.y"
"2630","womens_health_10.y"
"2631","womens_health_11.y"
"2632","womens_health_12.y"
"2633","womens_health_12_no.y"
"2634","womens_health_12_reasons.y"
"2635","mmse_12_text.y"
"2636","mmse_12_back_text.y"
"2637","mmse_serial_7s_1.y"
"2638","mmse_serial_7s_4.y"
"2639","mmse_serial_7s_5.y"
"2640","mmse_serial_7s_3.y"
"2641","mmse_12_complete.y"
"2642","mmse_12_notes.y"
"2643","mmse_notes.y"
"2644","mmse_serial_7s_2.y"
"2645","mmse_1.y"
"2646","mmse_2.y"
"2647","mmse_3.y"
"2648","mmse_4.y"
"2649","mmse_5.y"
"2650","mmse_6.y"
"2651","mmse_7.y"
"2652","mmse_8.y"
"2653","mmse_9.y"
"2654","mmse_10.y"
"2655","mmse_11a.y"
"2656","mmse_11b.y"
"2657","mmse_11c.y"
"2658","mmse_12.y"
"2659","mmse_12_s7s.y"
"2660","mmse_13a.y"
"2661","mmse_13b.y"
"2662","mmse_13c.y"
"2663","mmse_14a.y"
"2664","mmse_14b.y"
"2665","mmse_15.y"
"2666","mmse_16a.y"
"2667","mmse_16b.y"
"2668","mmse_16c.y"
"2669","mmse_17.y"
"2670","mmse_18.y"
"2671","mmse_19.y"
"2672","mmse_total.y"
"2673","lm1_a1.y"
"2674","lm1_a2.y"
"2675","lm1_a3.y"
"2676","lm1_a4.y"
"2677","lm1_a5.y"
"2678","lm1_a6.y"
"2679","lm1_a7.y"
"2680","lm1_a8.y"
"2681","lm1_a9.y"
"2682","lm1_a10.y"
"2683","lm1_a11.y"
"2684","lm1_a12.y"
"2685","lm1_a13.y"
"2686","lm1_a14.y"
"2687","lm1_a15.y"
"2688","lm1_a16.y"
"2689","lm1_a17.y"
"2690","lm1_a18.y"
"2691","lm1_a19.y"
"2692","lm1_a20.y"
"2693","lm1_a21.y"
"2694","lm1_a22.y"
"2695","lm1_a23.y"
"2696","lm1_a24.y"
"2697","lm1_a25.y"
"2698","lm1_a_total.y"
"2699","lm1_b1_1.y"
"2700","lm1_b1_2.y"
"2701","lm1_b1_3.y"
"2702","lm1_b1_4.y"
"2703","lm1_b1_5.y"
"2704","lm1_b1_6.y"
"2705","lm1_b1_7.y"
"2706","lm1_b1_8.y"
"2707","lm1_b1_9.y"
"2708","lm1_b1_10.y"
"2709","lm1_b1_11.y"
"2710","lm1_b1_12.y"
"2711","lm1_b1_13.y"
"2712","lm1_b1_14.y"
"2713","lm1_b1_15.y"
"2714","lm1_b1_16.y"
"2715","lm1_b1_17.y"
"2716","lm1_b1_18.y"
"2717","lm1_b1_19.y"
"2718","lm1_b1_20.y"
"2719","lm1_b1_21.y"
"2720","lm1_b1_22.y"
"2721","lm1_b1_23.y"
"2722","lm1_b1_24.y"
"2723","lm1_b1_25.y"
"2724","lm1_b1_total.y"
"2725","lm1_b2_1.y"
"2726","lm1_b2_2.y"
"2727","lm1_b2_3.y"
"2728","lm1_b2_4.y"
"2729","lm1_b2_5.y"
"2730","lm1_b2_6.y"
"2731","lm1_b2_7.y"
"2732","lm1_b2_8.y"
"2733","lm1_b2_9.y"
"2734","lm1_b2_10.y"
"2735","lm1_b2_11.y"
"2736","lm1_b2_12.y"
"2737","lm1_b2_13.y"
"2738","lm1_b2_14.y"
"2739","lm1_b2_15.y"
"2740","lm1_b2_16.y"
"2741","lm1_b2_17.y"
"2742","lm1_b2_18.y"
"2743","lm1_b2_19.y"
"2744","lm1_b2_20.y"
"2745","lm1_b2_21.y"
"2746","lm1_b2_22.y"
"2747","lm1_b2_23.y"
"2748","lm1_b2_24.y"
"2749","lm1_b2_25.y"
"2750","lm1_b2_total.y"
"2751","lm1_ab_total.y"
"2752","lm1_ab_z_score.y"
"2753","lm2_a1.y"
"2754","lm2_a2.y"
"2755","lm2_a3.y"
"2756","lm2_a4.y"
"2757","lm2_a5.y"
"2758","lm2_a6.y"
"2759","lm2_a7.y"
"2760","lm2_a8.y"
"2761","lm2_a9.y"
"2762","lm2_a10.y"
"2763","lm2_a11.y"
"2764","lm2_a12.y"
"2765","lm2_a13.y"
"2766","lm2_a14.y"
"2767","lm2_a15.y"
"2768","lm2_a16.y"
"2769","lm2_a17.y"
"2770","lm2_a18.y"
"2771","lm2_a19.y"
"2772","lm2_a20.y"
"2773","lm2_a21.y"
"2774","lm2_a22.y"
"2775","lm2_a23.y"
"2776","lm2_a24.y"
"2777","lm2_a25.y"
"2778","lm2_a_total.y"
"2779","lm2_b1.y"
"2780","lm2_b2.y"
"2781","lm2_b3.y"
"2782","lm2_b4.y"
"2783","lm2_b5.y"
"2784","lm2_b6.y"
"2785","lm2_b7.y"
"2786","lm2_b8.y"
"2787","lm2_b9.y"
"2788","lm2_b10.y"
"2789","lm2_b11.y"
"2790","lm2_b12.y"
"2791","lm2_b13.y"
"2792","lm2_b14.y"
"2793","lm2_b15.y"
"2794","lm2_b16.y"
"2795","lm2_b17.y"
"2796","lm2_b18.y"
"2797","lm2_b19.y"
"2798","lm2_b20.y"
"2799","lm2_b21.y"
"2800","lm2_b22.y"
"2801","lm2_b23.y"
"2802","lm2_b24.y"
"2803","lm2_b25.y"
"2804","lm2_b_total.y"
"2805","lm2_ab_total.y"
"2806","lm2_ab_z_score.y"
"2807","dsf_1_t1.y"
"2808","dsf_1_t2.y"
"2809","dsf_2_t1.y"
"2810","dsf_2_t2.y"
"2811","dsf_3_t1.y"
"2812","dsf_3_t2.y"
"2813","dsf_4_t1.y"
"2814","dsf_4_t2.y"
"2815","dsf_5_t1.y"
"2816","dsf_5_t2.y"
"2817","dsf_6_t1.y"
"2818","dsf_6_t2.y"
"2819","dsf_7_t1.y"
"2820","dsf_7_t2.y"
"2821","dsf_8_t1.y"
"2822","dsf_8_t2.y"
"2823","dsf_total.y"
"2824","dsb_1_t1.y"
"2825","dsb_1_t2.y"
"2826","dsb_2_t1.y"
"2827","dsb_2_t2.y"
"2828","dsb_3_t1.y"
"2829","dsb_3_t2.y"
"2830","dsb_4_t1.y"
"2831","dsb_4_t2.y"
"2832","dsb_5_t1.y"
"2833","dsb_5_t2.y"
"2834","dsb_6_t1.y"
"2835","dsb_6_t2.y"
"2836","dsb_7_t1.y"
"2837","dsb_7_t2.y"
"2838","dsb_total.y"
"2839","ds_total.y"
"2840","ds_z_score.y"
"2841","trails_b_notes.y"
"2842","trails_a_notes.y"
"2843","trails_a_time.y"
"2844","trails_a_errors.y"
"2845","trails_a_z_score.y"
"2846","trails_b_time.y"
"2847","trails_b_errors.y"
"2848","trails_b_z_score.y"
"2849","fas_count_f.y"
"2850","fas_count_a.y"
"2851","fas_count_s.y"
"2852","fas_total.y"
"2853","fas_z_score.y"
"2854","gds_category.y"
"2855","gds_notes.y"
"2856","gds_1.y"
"2857","gds_2.y"
"2858","gds_3.y"
"2859","gds_4.y"
"2860","gds_5.y"
"2861","gds_6.y"
"2862","gds_7.y"
"2863","gds_8.y"
"2864","gds_9.y"
"2865","gds_10.y"
"2866","gds_11.y"
"2867","gds_12.y"
"2868","gds_13.y"
"2869","gds_14.y"
"2870","gds_15.y"
"2871","gds_16.y"
"2872","gds_17.y"
"2873","gds_18.y"
"2874","gds_19.y"
"2875","gds_20.y"
"2876","gds_21.y"
"2877","gds_22.y"
"2878","gds_23.y"
"2879","gds_24.y"
"2880","gds_25.y"
"2881","gds_26.y"
"2882","gds_27.y"
"2883","gds_28.y"
"2884","gds_29.y"
"2885","gds_30.y"
"2886","gds_total.y"
"2887","gds_score_d.y"
"2888","gds_score_m.y"
"2889","gds_score_a.y"
"2890","gds_score_c.y"
"2891","animal_notes.y"
"2892","tomm_notes.y"
"2893","animal_total.y"
"2894","animal_z_score.y"
"2895","digit_symbol_substitution.y"
"2896","digit_symbol_substitution_z_score.y"
"2897","tomm_total.y"
"2898","king_mri_scale.y"
"2899","bw_chol_total.y"
"2900","bw_hdl_chol.y"
"2901","bw_triglycerides.y"
"2902","bw_ld_lchol.y"
"2903","bw_cholhdlcratio.y"
"2904","bw_nonhdl.y"
"2905","bw_glucose.y"
"2906","bw_u_abun.y"
"2907","bw_creatinine.y"
"2908","bw_egf_rnon_aa.y"
"2909","bw_egfraa.y"
"2910","bw_sodium.y"
"2911","bw_potass.y"
"2912","bw_chloride.y"
"2913","bw_carbondiox.y"
"2914","bw_calcium.y"
"2915","bw_protein.y"
"2916","bw_alb.y"
"2917","bw_glob.y"
"2918","bw_alb_glob.y"
"2919","bw_bilirubin.y"
"2920","bw_alka.y"
"2921","bw_ast.y"
"2922","bw_alt.y"
"2923","bw_hba1c.y"
"2924","bw_tsh.y"
"2925","bw_t4.y"
"2926","bw_wbc.y"
"2927","bw_rbc.y"
"2928","bw_hemoglobin.y"
"2929","bw_hematocrit.y"
"2930","bw_mcv.y"
"2931","bw_mch.y"
"2932","bw_mchc.y"
"2933","bw_rdw.y"
"2934","bw_platelet.y"
"2935","bw_a_bneutro.y"
"2936","bw_a_blymph.y"
"2937","bw_a_bmono.y"
"2938","bw_a_beosin.y"
"2939","bw_a_bbaso.y"
"2940","bw_neutrophils.y"
"2941","bw_lymphocytes.y"
"2942","bw_monocytes.y"
"2943","bw_eosinophils.y"
"2944","bw_baspphils.y"
"2945","bw_vitaminb12.y"
"2946","bw_folate.y"
"2947","cdx_hypertension.y"
"2948","cdx_dyslipidemia.y"
"2949","cdx_diabetes.y"
"2950","cdx_hyperthyroid.y"
"2951","cdx_hypothyroid.y"
"2952","cdx_cvd.y"
"2953","cdx_anemia.y"
"2954","cdx_vitamin_b12.y"
"2955","cdx_depression.y"
"2956","cdx_anxiety.y"
"2957","cdx_alcohol.y"
"2958","cdx_tobacco.y"
"2959","clinical_read_amyloid_positivity.y"
"2960","clinical_read_tau_positivity.y"
"2961","hi_a.y"
"2962","hi_b.y"
"2963","hi_c.y"
"2964","hi_d.y"
"2965","hi_e.y"
"2966","hi_f.y"
"2967","hi_g.y"
"2968","hi_h.y"
"2969","hi_i.y"
"2970","hi_j.y"
"2971","hi_k.y"
"2972","hi_l.y"
"2973","hi_m.y"
"2974","hi_score.y"
"2975","eds_1.y"
"2976","eds_2.y"
"2977","eds_3.y"
"2978","eds_4.y"
"2979","eds_5.y"
"2980","eds_6.y"
"2981","eds_7.y"
"2982","eds_8.y"
"2983","eds_9.y"
"2984","eds_1_reason_age.y"
"2985","eds_1_reason_ancestry.y"
"2986","eds_1_reason_education.y"
"2987","eds_1_reason_gender.y"
"2988","eds_1_reason_height.y"
"2989","eds_1_reason_orientation.y"
"2990","eds_1_reason_other.y"
"2991","eds_1_reason_race.y"
"2992","eds_1_reason_religion.y"
"2993","eds_1_reason_weight.y"
"2994","eds_1_reason_physical.y"
"2995","eds_1_reason_physical_other.y"
"2996","x06_brain_age_r_lower_ci.y"
"2997","x06_brain_age_r_upper_ci.y"
"2998","x06_deep_brain_net_predicted_age.y"
"2999","x06_brain_age_r_predicted_age.y"
"3000","covid_testing_positive_more.y"
"3001","covid_testing_positive_second_time.y"
"3002","covid_testing_ever_had_positive.y"
"3003","covid_testing_tested.y"
"3004","covid_testing_when_original.y"
"3005","covid_symptoms_abdominalpain_days.y"
"3006","covid_symptoms_abdominalpain_still_have.y"
"3007","covid_symptoms_chills_days.y"
"3008","covid_symptoms_confusion_still_have.y"
"3009","covid_symptoms_cough_still_have.y"
"3010","covid_symptoms_diarrhea_days.y"
"3011","covid_symptoms_fever_still_have.y"
"3012","covid_symptoms_runny_days.y"
"3013","covid_symptoms_sob_days.y"
"3014","covid_symptoms_sore_days.y"
"3015","covid_symptoms_vomiting_days.y"
"3016","covid_symptoms_weakness_days.y"
"3017","covid_symptoms_body.y"
"3018","covid_symptoms_body_still_have.y"
"3019","covid_symptoms_chestpain_still_have.y"
"3020","covid_symptoms_chills.y"
"3021","covid_symptoms_conjunctivitis.y"
"3022","covid_symptoms_cough.y"
"3023","covid_symptoms_diarrhea.y"
"3024","covid_symptoms_nausea.y"
"3025","covid_symptoms_other.y"
"3026","covid_symptoms_sob_still_have.y"
"3027","covid_symptoms_trouble_still_have.y"
"3028","covid_symptoms_weakness.y"
"3029","covid_symptoms_conjunctivitis_still_have.y"
"3030","covid_symptoms_diarrhea_still_have.y"
"3031","covid_symptoms_headache_days.y"
"3032","covid_symptoms_other_still_have.y"
"3033","covid_symptoms_runny.y"
"3034","covid_symptoms_sore.y"
"3035","covid_symptoms_stuffy_still_have.y"
"3036","covid_symptoms_vomiting.y"
"3037","covid_symptoms_body_days.y"
"3038","covid_symptoms_chills_still_have.y"
"3039","covid_symptoms_conjunctivitis_days.y"
"3040","covid_symptoms_fever.y"
"3041","covid_symptoms_fever_days.y"
"3042","covid_symptoms_loss.y"
"3043","covid_symptoms_loss_still_have.y"
"3044","covid_symptoms_nausea_days.y"
"3045","covid_symptoms_sob.y"
"3046","covid_symptoms_trouble.y"
"3047","covid_symptoms_vomiting_still_have.y"
"3048","covid_symptoms_weakness_still_have.y"
"3049","covid_symptoms_chestpain.y"
"3050","covid_symptoms_chestpain_days.y"
"3051","covid_symptoms_confusion.y"
"3052","covid_symptoms_headache.y"
"3053","covid_symptoms_headache_still_have.y"
"3054","covid_symptoms_nausea_still_have.y"
"3055","covid_symptoms_other_text.y"
"3056","covid_symptoms_skin.y"
"3057","covid_symptoms_sore_still_have.y"
"3058","covid_symptoms_abdominalpain.y"
"3059","covid_symptoms_confusion_days.y"
"3060","covid_symptoms_cough_days.y"
"3061","covid_symptoms_loss_days.y"
"3062","covid_symptoms_other_days.y"
"3063","covid_symptoms_runny_still_have.y"
"3064","covid_symptoms_skin_days.y"
"3065","covid_symptoms_skin_still_have.y"
"3066","covid_symptoms_stuffy.y"
"3067","covid_symptoms_stuffy_days.y"
"3068","covid_symptoms_trouble_days.y"
"3069","covid_longterm_vaccine_receive.y"
"3070","covid_longterm_vaccine_booster_type.y"
"3071","covid_longterm_worried.y"
"3072","covid_longterm_vaccine_booster.y"
"3073","covid_longterm_vaccine_type.y"
"3074","covid_treatments_icu.y"
"3075","covid_treatments_other.y"
"3076","covid_treatments_ventilator.y"
"3077","covid_treatments_dialysis_days.y"
"3078","covid_treatments_dialysis.y"
"3079","covid_treatments_other_text.y"
"3080","covid_treatments_oxygen_days.y"
"3081","covid_hospitalized.y"
"3082","covid_medically_treated.y"
"3083","covid_treatments_icu_days.y"
"3084","covid_treatments_other_days.y"
"3085","covid_treatments_oxygen.y"
"3086","covid_treatments_ventilator_days.y"
"3087","covid_after_treatment_lightheaded.y"
"3088","covid_after_treatment_racing_heartrate.y"
"3089","covid_after_treatment_usual_activities.y"
"3090","covid_after_treatment_appetite_problems.y"
"3091","covid_after_treatment_memory_problems.y"
"3092","covid_after_treatment_other.y"
"3093","covid_after_treatment_trouble_sleeping.y"
"3094","covid_after_treatment_attention_problems.y"
"3095","covid_after_treatment_exercise_problems.y"
"3096","covid_after_treatment_no_work.y"
"3097","covid_after_treatment_other_text.y"
"3098","covid_after_treatment_weak_after_physical_activity.y"
"3099","age_reguse_oth.y"
"3100","years_college_eng.y"
"3101","years_college_oth.y"
"3102","years_school_eng.y"
"3103","age_firststarted_eng.y"
"3104","language_history_2.y"
"3105","language_pro_eng_reading.y"
"3106","language_pro_eng_understanding.y"
"3107","language_pro_esp_writing.y"
"3108","language_pro_oth_writing.y"
"3109","years_country_esp.y"
"3110","years_country_oth.y"
"3111","age_firststarted_oth.y"
"3112","language_history_1.y"
"3113","language_pro_eng_speaking.y"
"3114","language_pro_esp_reading.y"
"3115","years_school_oth.y"
"3116","age_reguse_eng.y"
"3117","age_reguse_esp.y"
"3118","language_pro_oth_understanding.y"
"3119","years_country_eng.y"
"3120","years_other_eng.y"
"3121","language_pro_eng_writing.y"
"3122","language_pro_esp_understanding.y"
"3123","language_pro_oth_speaking.y"
"3124","years_other_oth.y"
"3125","years_school_esp.y"
"3126","age_firststarted_esp.y"
"3127","language_history_2_1.y"
"3128","language_pro_esp_speaking.y"
"3129","language_pro_oth_reading.y"
"3130","years_college_esp.y"
"3131","years_other_esp.y"
"3132","language_use_eng_14.y"
"3133","language_use_eng_7.y"
"3134","language_use_esp_14.y"
"3135","language_use_esp_7.y"
"3136","language_use_esp_9.y"
"3137","language_use_other_10.y"
"3138","language_use_other_3.y"
"3139","language_use_other_5.y"
"3140","language_use_eng_10.y"
"3141","language_use_eng_8.y"
"3142","language_use_esp_10.y"
"3143","language_use_esp_2.y"
"3144","language_use_other_11.y"
"3145","language_use_eng_3.y"
"3146","language_use_eng_6.y"
"3147","language_use_eng_9.y"
"3148","language_use_esp_8.y"
"3149","language_use_other_1.y"
"3150","language_use_other_14.y"
"3151","language_use_other_4.y"
"3152","language_use_eng_13.y"
"3153","language_use_eng_5.y"
"3154","language_use_esp_1.y"
"3155","language_use_esp_11.y"
"3156","language_use_esp_4.y"
"3157","language_use_other_12.y"
"3158","language_use_other_13.y"
"3159","language_use_esp_12.y"
"3160","language_use_esp_13.y"
"3161","language_use_esp_3.y"
"3162","language_use_esp_5.y"
"3163","language_use_other_2.y"
"3164","language_use_other_7.y"
"3165","language_use_other_9.y"
"3166","language_use_eng_1.y"
"3167","language_use_eng_11.y"
"3168","language_use_eng_12.y"
"3169","language_use_eng_2.y"
"3170","language_use_eng_4.y"
"3171","language_use_esp_6.y"
"3172","language_use_other_6.y"
"3173","language_use_other_8.y"
"3174","code_switch_family_eng.y"
"3175","code_switch_family_freq.y"
"3176","code_switch_friends_esp.y"
"3177","code_switch_friends_freq.y"
"3178","code_switch_work_esp.y"
"3179","code_switch_family_oth.y"
"3180","code_switch_friends_oth.y"
"3181","code_switch_work_freq.y"
"3182","code_switch_work_oth.y"
"3183","code_switch_write_esp.y"
"3184","code_switch_family_esp.y"
"3185","code_switch_write_freq.y"
"3186","code_switch_friends_eng.y"
"3187","code_switch_write_oth.y"
"3188","code_switch_write_eng.y"
"3189","code_switch_work_eng.y"
"3190","auditory_2.y"
"3191","auditory_1.y"
"3192","visual_3.y"
"3193","visual_2.y"
"3194","auditory_3.y"
"3195","visual_1.y"
"3196","med_exelon_duration.y"
"3197","med_exelon_frequency.y"
"3198","med_namenda_duration.y"
"3199","med_razadyne.y"
"3200","med_aduhelm_start_date.y"
"3201","med_aricept_duration.y"
"3202","med_aricept_frequency.y"
"3203","med_namenda.y"
"3204","med_namenda_start_date.y"
"3205","med_namzaric_frequency.y"
"3206","med_aduhelm.y"
"3207","med_aricept_dose.y"
"3208","med_aricept_start_date.y"
"3209","med_exelon.y"
"3210","med_exelon_dose.y"
"3211","med_namenda_dose.y"
"3212","med_razadyne_dose.y"
"3213","med_razadyne_frequency.y"
"3214","med_namzaric.y"
"3215","med_namzaric_dose.y"
"3216","med_razadyne_start_date.y"
"3217","med_aduhelm_duration.y"
"3218","med_aduhelm_frequency.y"
"3219","med_exelon_start_date.y"
"3220","med_namzaric_duration.y"
"3221","med_aduhelm_dose.y"
"3222","med_aricept.y"
"3223","med_namenda_frequency.y"
"3224","med_namzaric_start_date.y"
"3225","med_razadyne_duration.y"
"3226","family_history_deceased_relative.y"
"3227","family_history_firstdegree.y"
"3228","family_history_you_apoe4carrier.y"
"3229","imh_dementia_due_parkinsons.y"
"3230","imh_dementia_due_parkinsons_age.y"
"3231","imh_dementia_other_1type.y"
"3232","imh_lewybodies_age.y"
"3233","imh_dementia_other_1.y"
"3234","imh_dementia_other_1age.y"
"3235","imh_lewybodies.y"
"3236","imh_va_d_age.y"
"3237","imh_ftd.y"
"3238","imh_ftd_age.y"
"3239","imh_parkinsons_age.y"
"3240","imh_parkinsons.y"
"3241","imh_va_d.y"
